"Address","Content Type","Status Code","Status","Indexability","Indexability Status","Hash","Length","Canonical Link Element 1","URL Encoded Address"
"https://theblueprint.training/","text/html; charset=UTF-8","200","OK","Indexable","","330938c215104247ca05f55b11d3985f","30","https://theblueprint.training/","https://theblueprint.training/"
"https://theblueprint.training/wp-content/uploads/2024/06/image-43.svg","image/svg+xml","200","OK","Indexable","","","69","","https://theblueprint.training/wp-content/uploads/2024/06/image-43.svg"
"https://theblueprint.training/wp-content/uploads/2024/06/forbes-logo-40236-1.svg","image/svg+xml","200","OK","Indexable","","","80","","https://theblueprint.training/wp-content/uploads/2024/06/forbes-logo-40236-1.svg"
"https://theblueprint.training/wp-content/themes/understrap-child-master/images24/red_cross_gs.svg","image/svg+xml","200","OK","Indexable","","","97","","https://theblueprint.training/wp-content/themes/understrap-child-master/images24/red_cross_gs.svg"
"https://theblueprint.training/wp-content/uploads/2024/08/Rectangle-768-2.png","image/png","200","OK","Indexable","","","76","","https://theblueprint.training/wp-content/uploads/2024/08/Rectangle-768-2.png"
"https://theblueprint.training/wp-content/uploads/2024/07/Group-3450.png","image/png","200","OK","Indexable","","","71","","https://theblueprint.training/wp-content/uploads/2024/07/Group-3450.png"
"https://theblueprint.training/wp-content/uploads/2024/08/Group-3530.svg","image/svg+xml","200","OK","Indexable","","","71","","https://theblueprint.training/wp-content/uploads/2024/08/Group-3530.svg"
"https://theblueprint.training/wp-content/uploads/2024/08/Screenshot-2024-08-02-at-7.44.51 PM.png","image/png","200","OK","Indexable","","","96","","https://theblueprint.training/wp-content/uploads/2024/08/Screenshot-2024-08-02-at-7.44.51%E2%80%AFPM.png"
"https://theblueprint.training/agency-training/","text/html; charset=UTF-8","200","OK","Indexable","","821ea28618fef2c4d7c0a41acf4b04d7","46","https://theblueprint.training/agency-training/","https://theblueprint.training/agency-training/"
"https://theblueprint.training/wp-content/uploads/2024/06/Inc-1-1.png","image/png","200","OK","Indexable","","","68","","https://theblueprint.training/wp-content/uploads/2024/06/Inc-1-1.png"
"https://theblueprint.training/wp-content/uploads/2024/08/Rectangle-768-4.png","image/png","200","OK","Indexable","","","76","","https://theblueprint.training/wp-content/uploads/2024/08/Rectangle-768-4.png"
"https://theblueprint.training/wp-content/themes/understrap-child-master/js/ajax_load_more.js?ver=6.9.4","application/javascript","200","OK","Indexable","","","102","","https://theblueprint.training/wp-content/themes/understrap-child-master/js/ajax_load_more.js?ver=6.9.4"
"https://theblueprint.training/wp-content/themes/understrap-child-master/images24/scale_ico24.svg","image/svg+xml","200","OK","Indexable","","","96","","https://theblueprint.training/wp-content/themes/understrap-child-master/images24/scale_ico24.svg"
"https://theblueprint.training/wp-content/uploads/2024/07/why_bp_ico_03.svg","image/svg+xml","200","OK","Indexable","","","74","","https://theblueprint.training/wp-content/uploads/2024/07/why_bp_ico_03.svg"
"https://theblueprint.training/wp-content/uploads/2024/07/piller_24a_ico_2.svg","image/svg+xml","200","OK","Indexable","","","77","","https://theblueprint.training/wp-content/uploads/2024/07/piller_24a_ico_2.svg"
"https://theblueprint.training/wp-content/themes/understrap-child-master/js/custom.js?ver=6.9.4","application/javascript","200","OK","Indexable","","","94","","https://theblueprint.training/wp-content/themes/understrap-child-master/js/custom.js?ver=6.9.4"
"https://theblueprint.training/wp-content/themes/understrap-child-master/js/child-theme.min.js?ver=0.5.3","application/javascript","200","OK","Indexable","","","103","","https://theblueprint.training/wp-content/themes/understrap-child-master/js/child-theme.min.js?ver=0.5.3"
"https://theblueprint.training/wp-content/uploads/2024/07/why_bp_ico_05.svg","image/svg+xml","200","OK","Indexable","","","74","","https://theblueprint.training/wp-content/uploads/2024/07/why_bp_ico_05.svg"
"https://theblueprint.training/wp-content/uploads/hm_custom_css_js/custom.js?ver=1768842282","application/javascript","200","OK","Indexable","","","90","","https://theblueprint.training/wp-content/uploads/hm_custom_css_js/custom.js?ver=1768842282"
"https://theblueprint.training/wp-content/uploads/2024/06/Group-2960.svg","image/svg+xml","200","OK","Indexable","","","71","","https://theblueprint.training/wp-content/uploads/2024/06/Group-2960.svg"
"https://theblueprint.training/wp-content/uploads/2024/07/piller_24a_ico_4.svg","image/svg+xml","200","OK","Indexable","","","77","","https://theblueprint.training/wp-content/uploads/2024/07/piller_24a_ico_4.svg"
"https://theblueprint.training/wp-content/uploads/2024/08/Group-2579.svg","image/svg+xml","200","OK","Indexable","","","71","","https://theblueprint.training/wp-content/uploads/2024/08/Group-2579.svg"
"https://theblueprint.training/wp-content/uploads/2024/07/why_bp_ico_01.svg","image/svg+xml","200","OK","Indexable","","","74","","https://theblueprint.training/wp-content/uploads/2024/07/why_bp_ico_01.svg"
"https://theblueprint.training/wp-content/themes/understrap-child-master/js/courses_loadmore.js?ver=6.9.4","application/javascript","200","OK","Indexable","","","104","","https://theblueprint.training/wp-content/themes/understrap-child-master/js/courses_loadmore.js?ver=6.9.4"
"https://theblueprint.training/wp-content/themes/understrap-child-master/images24/green_chk_gs.svg","image/svg+xml","200","OK","Indexable","","","97","","https://theblueprint.training/wp-content/themes/understrap-child-master/images24/green_chk_gs.svg"
"https://theblueprint.training/wp-content/uploads/2024/08/Group-3544.svg","image/svg+xml","200","OK","Indexable","","","71","","https://theblueprint.training/wp-content/uploads/2024/08/Group-3544.svg"
"https://theblueprint.training/wp-content/uploads/2024/06/Group-2959.svg","image/svg+xml","200","OK","Indexable","","","71","","https://theblueprint.training/wp-content/uploads/2024/06/Group-2959.svg"
"https://theblueprint.training/wp-content/themes/understrap-child-master/images24/hhero24_people.png","image/png","200","OK","Indexable","","","99","","https://theblueprint.training/wp-content/themes/understrap-child-master/images24/hhero24_people.png"
"https://theblueprint.training/wp-content/uploads/2024/08/Group-3528.svg","image/svg+xml","200","OK","Indexable","","","71","","https://theblueprint.training/wp-content/uploads/2024/08/Group-3528.svg"
"https://theblueprint.training/wp-content/themes/understrap-child-master/styles/css/main_styles_2024_v6.css?ver=0.5.3","text/css","200","OK","Indexable","","","116","","https://theblueprint.training/wp-content/themes/understrap-child-master/styles/css/main_styles_2024_v6.css?ver=0.5.3"
"https://theblueprint.training/get-started/","text/html; charset=UTF-8","200","OK","Indexable","","3a4809a258b8132a4269a7c374190e01","42","https://theblueprint.training/get-started/","https://theblueprint.training/get-started/"
"https://theblueprint.training/agency-podcast/","text/html; charset=UTF-8","200","OK","Indexable","","79eb8c27e73c93ab1a56940042c14ea2","45","https://theblueprint.training/agency-podcast/","https://theblueprint.training/agency-podcast/"
"https://theblueprint.training/wp-content/themes/understrap-child-master/js/main.min.js?ver=6.9.4","application/javascript","200","OK","Indexable","","","96","","https://theblueprint.training/wp-content/themes/understrap-child-master/js/main.min.js?ver=6.9.4"
"https://theblueprint.training/wp-content/uploads/2024/06/Group-2965.svg","image/svg+xml","200","OK","Indexable","","","71","","https://theblueprint.training/wp-content/uploads/2024/06/Group-2965.svg"
"https://theblueprint.training/wp-content/uploads/2024/09/Group-2973.svg","image/svg+xml","200","OK","Indexable","","","71","","https://theblueprint.training/wp-content/uploads/2024/09/Group-2973.svg"
"https://theblueprint.training/reviews/","text/html; charset=UTF-8","200","OK","Indexable","","1a021481ffb7a023a615b7b4228d4a82","38","https://theblueprint.training/reviews/","https://theblueprint.training/reviews/"
"https://theblueprint.training/results/","text/html; charset=UTF-8","301","Moved Permanently","Non-Indexable","Redirected","","38","","https://theblueprint.training/results/"
"https://theblueprint.training/wp-content/uploads/2024/09/Group-2955.svg","image/svg+xml","200","OK","Indexable","","","71","","https://theblueprint.training/wp-content/uploads/2024/09/Group-2955.svg"
"https://theblueprint.training/terms-and-conditions/","text/html; charset=UTF-8","200","OK","Indexable","","c6bf0ac9d4cf2f0937ce8b1260a60299","51","https://theblueprint.training/terms-and-conditions/","https://theblueprint.training/terms-and-conditions/"
"https://theblueprint.training/wp-content/uploads/2024/08/Rectangle-768-1.png","image/png","200","OK","Indexable","","","76","","https://theblueprint.training/wp-content/uploads/2024/08/Rectangle-768-1.png"
"https://theblueprint.training/wp-content/uploads/2024/07/why_bp_ico_06.svg","image/svg+xml","200","OK","Indexable","","","74","","https://theblueprint.training/wp-content/uploads/2024/07/why_bp_ico_06.svg"
"https://theblueprint.training/wp-content/uploads/2024/06/Group-2955.svg","image/svg+xml","200","OK","Indexable","","","71","","https://theblueprint.training/wp-content/uploads/2024/06/Group-2955.svg"
"https://theblueprint.training/wp-content/uploads/2024/08/Group-2007.svg","image/svg+xml","200","OK","Indexable","","","71","","https://theblueprint.training/wp-content/uploads/2024/08/Group-2007.svg"
"https://theblueprint.training/wp-includes/js/jquery/jquery-migrate.min.js?ver=3.4.1","application/javascript","200","OK","Indexable","","","83","","https://theblueprint.training/wp-includes/js/jquery/jquery-migrate.min.js?ver=3.4.1"
"https://theblueprint.training/blueprint-affiliate-program/","text/html; charset=UTF-8","200","OK","Indexable","","62ffb3a6958d708802372cb31a6bbf67","58","https://theblueprint.training/blueprint-affiliate-program/","https://theblueprint.training/blueprint-affiliate-program/"
"https://theblueprint.training/wp-content/uploads/2024/06/image-43-1-150x41.png","image/png","200","OK","Indexable","","","78","","https://theblueprint.training/wp-content/uploads/2024/06/image-43-1-150x41.png"
"https://theblueprint.training/templates-and-sops/","text/html; charset=UTF-8","200","OK","Indexable","","e22f2e7a76eb9550713a12d8ef9e4f78","49","https://theblueprint.training/templates-and-sops/","https://theblueprint.training/templates-and-sops/"
"https://theblueprint.training/wp-content/uploads/2024/05/ryan_photo_24.png","image/png","200","OK","Indexable","","","74","","https://theblueprint.training/wp-content/uploads/2024/05/ryan_photo_24.png"
"https://theblueprint.training/wp-content/uploads/2024/07/why_bp_ico_04.svg","image/svg+xml","200","OK","Indexable","","","74","","https://theblueprint.training/wp-content/uploads/2024/07/why_bp_ico_04.svg"
"https://theblueprint.training/wp-content/themes/understrap-child-master/images24/whinc_item_img.jpg","image/jpeg","200","OK","Indexable","","","99","","https://theblueprint.training/wp-content/themes/understrap-child-master/images24/whinc_item_img.jpg"
"https://theblueprint.training/wp-includes/js/jquery/jquery.min.js?ver=3.7.1","application/javascript","200","OK","Indexable","","","75","","https://theblueprint.training/wp-includes/js/jquery/jquery.min.js?ver=3.7.1"
"https://theblueprint.training/wp-content/themes/understrap-child-master/js/popper.min.js?ver=6.9.4","application/javascript","200","OK","Indexable","","","98","","https://theblueprint.training/wp-content/themes/understrap-child-master/js/popper.min.js?ver=6.9.4"
"https://theblueprint.training/wp-content/themes/understrap-child-master/styles/css/t3_main_min.css?ver=0.5.3","text/css","200","OK","Indexable","","","108","","https://theblueprint.training/wp-content/themes/understrap-child-master/styles/css/t3_main_min.css?ver=0.5.3"
"https://theblueprint.training/wp-content/uploads/2024/06/Group-2979.svg","image/svg+xml","200","OK","Indexable","","","71","","https://theblueprint.training/wp-content/uploads/2024/06/Group-2979.svg"
"https://theblueprint.training/bootcamps/","text/html; charset=UTF-8","200","OK","Indexable","","6c770b419e379c5bbee4a89058f20136","40","https://theblueprint.training/bootcamps/","https://theblueprint.training/bootcamps/"
"https://theblueprint.training/wp-content/uploads/2024/08/Rectangle-768-5.png","image/png","200","OK","Indexable","","","76","","https://theblueprint.training/wp-content/uploads/2024/08/Rectangle-768-5.png"
"https://theblueprint.training/wp-content/uploads/2024/07/piller_24a_ico_1.svg","image/svg+xml","200","OK","Indexable","","","77","","https://theblueprint.training/wp-content/uploads/2024/07/piller_24a_ico_1.svg"
"https://theblueprint.training/wp-content/themes/understrap-child-master/BPT_CSS_2022/header_2022.css","text/css","200","OK","Indexable","","","100","","https://theblueprint.training/wp-content/themes/understrap-child-master/BPT_CSS_2022/header_2022.css"
"https://theblueprint.training/blog/","text/html; charset=UTF-8","200","OK","Indexable","","585c910ccd5be3dd5b5ca50729d0a681","35","https://theblueprint.training/blog/","https://theblueprint.training/blog/"
"https://theblueprint.training/slack-channel/","text/html; charset=UTF-8","200","OK","Indexable","","e4dd4fdefeac15abe227a4e1487a9a54","44","https://theblueprint.training/slack-channel/","https://theblueprint.training/slack-channel/"
"https://theblueprint.training/wp-content/uploads/2024/07/hmhdr24a_img.png","image/png","200","OK","Indexable","","","73","","https://theblueprint.training/wp-content/uploads/2024/07/hmhdr24a_img.png"
"https://theblueprint.training/wp-content/uploads/2024/08/Rectangle-768-6.png","image/png","200","OK","Indexable","","","76","","https://theblueprint.training/wp-content/uploads/2024/08/Rectangle-768-6.png"
"https://theblueprint.training/wp-content/uploads/2022/04/Mask-group.png","image/png","200","OK","Indexable","","","71","","https://theblueprint.training/wp-content/uploads/2022/04/Mask-group.png"
"https://theblueprint.training/wp-content/uploads/2024/07/piller_24a_ico_3.svg","image/svg+xml","200","OK","Indexable","","","77","","https://theblueprint.training/wp-content/uploads/2024/07/piller_24a_ico_3.svg"
"https://theblueprint.training/wp-content/themes/understrap-child-master/images24/is_it_worth_img_02.svg","image/svg+xml","200","OK","Indexable","","","103","","https://theblueprint.training/wp-content/themes/understrap-child-master/images24/is_it_worth_img_02.svg"
"https://theblueprint.training/wp-content/uploads/2024/07/why_bp_ico_02.svg","image/svg+xml","200","OK","Indexable","","","74","","https://theblueprint.training/wp-content/uploads/2024/07/why_bp_ico_02.svg"
"https://theblueprint.training/white-label-ppc/","text/html; charset=UTF-8","200","OK","Indexable","","3430d5bc2af1ef88ff5a14a803fa4b8","46","https://theblueprint.training/white-label-ppc/","https://theblueprint.training/white-label-ppc/"
"https://theblueprint.training/wp-content/themes/understrap-child-master/images24/grow_ico24.svg","image/svg+xml","200","OK","Indexable","","","95","","https://theblueprint.training/wp-content/themes/understrap-child-master/images24/grow_ico24.svg"
"https://theblueprint.training/wp-content/uploads/2024/06/SearchEngineLand_logo_1920x1080-1.svg","image/svg+xml","200","OK","Indexable","","","94","","https://theblueprint.training/wp-content/uploads/2024/06/SearchEngineLand_logo_1920x1080-1.svg"
"https://theblueprint.training/wp-content/uploads/2024/08/Rectangle-767.png","image/png","200","OK","Indexable","","","74","","https://theblueprint.training/wp-content/uploads/2024/08/Rectangle-767.png"
"https://theblueprint.training/sign-up/","text/html; charset=UTF-8","200","OK","Indexable","","adf3ea703d7c4412629ae2a58ee1f295","38","https://theblueprint.training/sign-up/","https://theblueprint.training/sign-up/"
"https://theblueprint.training/wp-content/uploads/2024/06/03LH2OIsXFyeMgE8i9ynOOn-13.1569475340.fit_lim.svg","image/svg+xml","200","OK","Indexable","","","106","","https://theblueprint.training/wp-content/uploads/2024/06/03LH2OIsXFyeMgE8i9ynOOn-13.1569475340.fit_lim.svg"
"https://theblueprint.training/wp-content/uploads/2020/02/theblueprint-logo-3lines@8x.svg","image/svg+xml","200","OK","Indexable","","","88","","https://theblueprint.training/wp-content/uploads/2020/02/theblueprint-logo-3lines@8x.svg"
"https://theblueprint.training/wp-content/themes/understrap-child-master/images24/ryan_sign_img.svg","image/svg+xml","200","OK","Indexable","","","98","","https://theblueprint.training/wp-content/themes/understrap-child-master/images24/ryan_sign_img.svg"
"https://theblueprint.training/wp-content/uploads/2024/07/piller_24a_ico_5.svg","image/svg+xml","200","OK","Indexable","","","77","","https://theblueprint.training/wp-content/uploads/2024/07/piller_24a_ico_5.svg"
"https://theblueprint.training/wp-content/themes/understrap-child-master/BPT_CSS_2022/general_22.css","text/css","200","OK","Indexable","","","99","","https://theblueprint.training/wp-content/themes/understrap-child-master/BPT_CSS_2022/general_22.css"
"https://theblueprint.training/wp-content/uploads/2024/06/Group-2966.svg","image/svg+xml","200","OK","Indexable","","","71","","https://theblueprint.training/wp-content/uploads/2024/06/Group-2966.svg"
"https://theblueprint.training/reviews","text/html; charset=UTF-8","301","Moved Permanently","Non-Indexable","Redirected","","37","","https://theblueprint.training/reviews"
"https://theblueprint.training/about/","text/html; charset=UTF-8","200","OK","Indexable","","5ac1be64e21d3ed0f36828b5522e0922","36","https://theblueprint.training/about/","https://theblueprint.training/about/"
"https://theblueprint.training/community-rankings/","text/html; charset=UTF-8","200","OK","Indexable","","cee89ae8260e18c1f84312fa46f78084","49","https://theblueprint.training/community-rankings/","https://theblueprint.training/community-rankings/"
"https://theblueprint.training/wp-content/themes/understrap-child-master/src/js/headroom.min.js?ver=6.9.4","application/javascript","200","OK","Indexable","","","104","","https://theblueprint.training/wp-content/themes/understrap-child-master/src/js/headroom.min.js?ver=6.9.4"
"https://theblueprint.training/book/","text/html; charset=UTF-8","200","OK","Indexable","","f16e2d125831d7edefeb2d234524515d","35","https://theblueprint.training/book/","https://theblueprint.training/book/"
"https://theblueprint.training/wp-content/uploads/2024/08/Group-2586.svg","image/svg+xml","200","OK","Indexable","","","71","","https://theblueprint.training/wp-content/uploads/2024/08/Group-2586.svg"
"https://theblueprint.training/wp-content/uploads/2022/06/YouTube-Video-Template-31-1-300x169.png","image/png","200","OK","Indexable","","","96","","https://theblueprint.training/wp-content/uploads/2022/06/YouTube-Video-Template-31-1-300x169.png"
"https://theblueprint.training/wp-content/uploads/2024/09/Rectangle-1419-2.png","image/png","200","OK","Indexable","","","77","","https://theblueprint.training/wp-content/uploads/2024/09/Rectangle-1419-2.png"
"https://theblueprint.training/coaching/","text/html; charset=UTF-8","200","OK","Indexable","","ceb5440eca89600614abe1a0442fe846","39","https://theblueprint.training/coaching/","https://theblueprint.training/coaching/"
"https://theblueprint.training/wp-content/themes/understrap-child-master/images24/ryanlink_img.png","image/png","200","OK","Indexable","","","97","","https://theblueprint.training/wp-content/themes/understrap-child-master/images24/ryanlink_img.png"
"https://theblueprint.training/wp-content/uploads/2024/08/100-.-Guest-Interview-BPT-3-copy-300x169.jpg","image/jpeg","200","OK","Indexable","","","101","","https://theblueprint.training/wp-content/uploads/2024/08/100-.-Guest-Interview-BPT-3-copy-300x169.jpg"
"https://theblueprint.training/wp-content/uploads/2024/12/125-.-Guest-Interview-BPT-8-copy-300x169.jpg","image/jpeg","200","OK","Indexable","","","101","","https://theblueprint.training/wp-content/uploads/2024/12/125-.-Guest-Interview-BPT-8-copy-300x169.jpg"
"https://theblueprint.training/wp-content/uploads/2024/08/98.-Guest-Interview-BPT-2-copy-300x169.jpg","image/jpeg","200","OK","Indexable","","","99","","https://theblueprint.training/wp-content/uploads/2024/08/98.-Guest-Interview-BPT-2-copy-300x169.jpg"
"https://theblueprint.training/wp-content/themes/understrap-child-master/images24/spotify_logo_24.png","image/png","200","OK","Indexable","","","100","","https://theblueprint.training/wp-content/themes/understrap-child-master/images24/spotify_logo_24.png"
"https://theblueprint.training/wp-content/uploads/2024/09/Rectangle-1419-3.png","image/png","200","OK","Indexable","","","77","","https://theblueprint.training/wp-content/uploads/2024/09/Rectangle-1419-3.png"
"https://theblueprint.training/darren-shaw-local-seo/","text/html; charset=UTF-8","200","OK","Indexable","","7ef8fceff02b7064417e54e2959186b1","52","https://theblueprint.training/darren-shaw-local-seo/","https://theblueprint.training/darren-shaw-local-seo/"
"https://theblueprint.training/agency-podcast/page/3/","text/html; charset=UTF-8","200","OK","Non-Indexable","Canonicalised","a047f319570e6e46171821d0bee3f0f9","52","https://theblueprint.training/agency-podcast/","https://theblueprint.training/agency-podcast/page/3/"
"https://theblueprint.training/wp-content/uploads/2021/06/YouTube-Video-Template-36-300x169.jpg","image/jpeg","200","OK","Indexable","","","94","","https://theblueprint.training/wp-content/uploads/2021/06/YouTube-Video-Template-36-300x169.jpg"
"https://theblueprint.training/jason-hennessey/","text/html; charset=UTF-8","200","OK","Indexable","","b0e7f0d7772f1781dc893e4b9765e602","46","https://theblueprint.training/jason-hennessey/","https://theblueprint.training/jason-hennessey/"
"https://theblueprint.training/wp-content/uploads/2024/07/104-.-Guest-Interview-BPT-5-copy-300x169.jpg","image/jpeg","200","OK","Indexable","","","101","","https://theblueprint.training/wp-content/uploads/2024/07/104-.-Guest-Interview-BPT-5-copy-300x169.jpg"
"https://theblueprint.training/jj-russell/","text/html; charset=UTF-8","200","OK","Indexable","","ee88d3071bbf5d3a77b7256434fcffc","41","https://theblueprint.training/jj-russell/","https://theblueprint.training/jj-russell/"
"https://theblueprint.training/author/ryan/","text/html; charset=UTF-8","200","OK","Non-Indexable","noindex","fe46561b5205dda3452d3053c5210192","42","","https://theblueprint.training/author/ryan/"
"https://theblueprint.training/chris-dreyer/","text/html; charset=UTF-8","200","OK","Indexable","","9632188a8d6b1dced5ee1bfd0c983857","43","https://theblueprint.training/chris-dreyer/","https://theblueprint.training/chris-dreyer/"
"https://theblueprint.training/nobs-links/","text/html; charset=UTF-8","200","OK","Indexable","","4fb9e2a0f80a30a088b647579ab89587","41","https://theblueprint.training/nobs-links/","https://theblueprint.training/nobs-links/"
"https://theblueprint.training/carrie-rose-rise-at-seven/","text/html; charset=UTF-8","200","OK","Indexable","","7624dc2e364c899eab4e64d7c4d1ee5b","56","https://theblueprint.training/carrie-rose-rise-at-seven/","https://theblueprint.training/carrie-rose-rise-at-seven/"
"https://theblueprint.training/wp-content/themes/understrap-child-master/images24/apple_podcast_logo_24.png","image/png","200","OK","Indexable","","","106","","https://theblueprint.training/wp-content/themes/understrap-child-master/images24/apple_podcast_logo_24.png"
"https://theblueprint.training/wp-content/themes/understrap-child-master/images24/youtube_logo_24.png","image/png","200","OK","Indexable","","","100","","https://theblueprint.training/wp-content/themes/understrap-child-master/images24/youtube_logo_24.png"
"https://theblueprint.training/wp-content/uploads/2020/03/Aaron-Gray-Blog-Image-300x170.png","image/png","200","OK","Indexable","","","90","","https://theblueprint.training/wp-content/uploads/2020/03/Aaron-Gray-Blog-Image-300x170.png"
"https://theblueprint.training/joey-gilkey-agency-sales/","text/html; charset=UTF-8","200","OK","Indexable","","be5a6241d86bb609c0631a5dce9171a7","55","https://theblueprint.training/joey-gilkey-agency-sales/","https://theblueprint.training/joey-gilkey-agency-sales/"
"https://theblueprint.training/wp-content/uploads/2020/04/112-.-Guest-Interview-BPT-6-copy-300x169.jpg","image/jpeg","200","OK","Indexable","","","101","","https://theblueprint.training/wp-content/uploads/2020/04/112-.-Guest-Interview-BPT-6-copy-300x169.jpg"
"https://theblueprint.training/joy-hawkins/","text/html; charset=UTF-8","200","OK","Indexable","","10f72a1b947813a51575e0b8e493eb13","42","https://theblueprint.training/joy-hawkins/","https://theblueprint.training/joy-hawkins/"
"https://theblueprint.training/wp-content/themes/understrap-child-master/images24/pdhdr24_img.jpg","image/jpeg","200","OK","Indexable","","","96","","https://theblueprint.training/wp-content/themes/understrap-child-master/images24/pdhdr24_img.jpg"
"https://theblueprint.training/wp-content/uploads/2024/09/Rectangle-1419-1.png","image/png","200","OK","Indexable","","","77","","https://theblueprint.training/wp-content/uploads/2024/09/Rectangle-1419-1.png"
"https://theblueprint.training/wp-content/uploads/2024/09/Rectangle-1419.png","image/png","200","OK","Indexable","","","75","","https://theblueprint.training/wp-content/uploads/2024/09/Rectangle-1419.png"
"https://theblueprint.training/wp-content/uploads/2021/01/xnuo7jr2-1-1.png","image/png","200","OK","Indexable","","","73","","https://theblueprint.training/wp-content/uploads/2021/01/xnuo7jr2-1-1.png"
"https://theblueprint.training/wp-content/uploads/2025/10/Screenshot-2025-10-29-at-2.20.40-PM.png","image/png","200","OK","Indexable","","","96","","https://theblueprint.training/wp-content/uploads/2025/10/Screenshot-2025-10-29-at-2.20.40-PM.png"
"https://theblueprint.training/agency-podcast/page/2/","text/html; charset=UTF-8","200","OK","Non-Indexable","Canonicalised","62282718188834cefd93ebd5b80c97c3","52","https://theblueprint.training/agency-podcast/","https://theblueprint.training/agency-podcast/page/2/"
"https://theblueprint.training/agency-podcast/page/4/","text/html; charset=UTF-8","200","OK","Non-Indexable","Canonicalised","7c31afe4d0e4f741c7e54ce61b2681ea","52","https://theblueprint.training/agency-podcast/","https://theblueprint.training/agency-podcast/page/4/"
"https://theblueprint.training/wp-content/uploads/2026/01/Screenshot-2026-01-20-at-10.24.20-AM.png","image/png","200","OK","Indexable","","","97","","https://theblueprint.training/wp-content/uploads/2026/01/Screenshot-2026-01-20-at-10.24.20-AM.png"
"https://theblueprint.training/wp-content/uploads/2021/01/Screen-Shot-2021-01-30-at-8.59.39-AM.png","image/png","200","OK","Indexable","","","97","","https://theblueprint.training/wp-content/uploads/2021/01/Screen-Shot-2021-01-30-at-8.59.39-AM.png"
"https://theblueprint.training/wp-content/uploads/2021/01/3fys8qrv-1.png","image/png","200","OK","Indexable","","","71","","https://theblueprint.training/wp-content/uploads/2021/01/3fys8qrv-1.png"
"https://theblueprint.training/wp-content/uploads/2021/01/Screen-Shot-2020-05-13-at-2.02.01-PM.png","image/png","200","OK","Indexable","","","97","","https://theblueprint.training/wp-content/uploads/2021/01/Screen-Shot-2020-05-13-at-2.02.01-PM.png"
"https://theblueprint.training/wp-content/uploads/2021/01/Screen-Shot-2020-12-15-at-9.05.43-AM.png","image/png","200","OK","Indexable","","","97","","https://theblueprint.training/wp-content/uploads/2021/01/Screen-Shot-2020-12-15-at-9.05.43-AM.png"
"https://theblueprint.training/wp-content/uploads/2021/01/Screen-Shot-2021-01-30-at-9.00.20-AM.png","image/png","200","OK","Indexable","","","97","","https://theblueprint.training/wp-content/uploads/2021/01/Screen-Shot-2021-01-30-at-9.00.20-AM.png"
"https://theblueprint.training/wp-content/uploads/2021/01/1v4g6icn-1-1.png","image/png","200","OK","Indexable","","","73","","https://theblueprint.training/wp-content/uploads/2021/01/1v4g6icn-1-1.png"
"https://theblueprint.training/wp-content/uploads/2021/08/Screenshot-2021-08-30-at-14.08.21-e1630326631923.png","image/png","200","OK","Indexable","","","109","","https://theblueprint.training/wp-content/uploads/2021/08/Screenshot-2021-08-30-at-14.08.21-e1630326631923.png"
"https://theblueprint.training/wp-content/uploads/2023/01/Screen-Shot-2023-01-20-at-1.22.36-PM.png","image/png","200","OK","Indexable","","","97","","https://theblueprint.training/wp-content/uploads/2023/01/Screen-Shot-2023-01-20-at-1.22.36-PM.png"
"https://theblueprint.training/wp-content/uploads/2022/02/kosjvwes-1.png","image/png","200","OK","Indexable","","","71","","https://theblueprint.training/wp-content/uploads/2022/02/kosjvwes-1.png"
"https://theblueprint.training/wp-content/uploads/2021/08/Screen-Shot-2021-08-15-at-5.27.10-PM.png","image/png","200","OK","Indexable","","","97","","https://theblueprint.training/wp-content/uploads/2021/08/Screen-Shot-2021-08-15-at-5.27.10-PM.png"
"https://theblueprint.training/wp-content/uploads/2021/01/0pwgd0rl-1-1.png","image/png","200","OK","Indexable","","","73","","https://theblueprint.training/wp-content/uploads/2021/01/0pwgd0rl-1-1.png"
"https://theblueprint.training/wp-content/uploads/2021/04/Screen-Shot-2021-04-03-at-11.28.02-AM.png","image/png","200","OK","Indexable","","","98","","https://theblueprint.training/wp-content/uploads/2021/04/Screen-Shot-2021-04-03-at-11.28.02-AM.png"
"https://theblueprint.training/wp-content/uploads/2025/12/Screenshot-2025-12-17-at-21.51.52.png","image/png","200","OK","Indexable","","","94","","https://theblueprint.training/wp-content/uploads/2025/12/Screenshot-2025-12-17-at-21.51.52.png"
"https://theblueprint.training/wp-content/uploads/2021/01/52mb6a85-1-2.png","image/png","200","OK","Indexable","","","73","","https://theblueprint.training/wp-content/uploads/2021/01/52mb6a85-1-2.png"
"https://theblueprint.training/wp-content/uploads/2021/07/Screen-Shot-2021-07-25-at-2.08.58-PM.png","image/png","200","OK","Indexable","","","97","","https://theblueprint.training/wp-content/uploads/2021/07/Screen-Shot-2021-07-25-at-2.08.58-PM.png"
"https://theblueprint.training/wp-content/uploads/2021/11/Screen-Shot-2021-11-19-at-8.12.06-AM.png","image/png","200","OK","Indexable","","","97","","https://theblueprint.training/wp-content/uploads/2021/11/Screen-Shot-2021-11-19-at-8.12.06-AM.png"
"https://theblueprint.training/wp-content/uploads/2021/12/Screen-Shot-2021-12-03-at-3.51.18-PM.png","image/png","200","OK","Indexable","","","97","","https://theblueprint.training/wp-content/uploads/2021/12/Screen-Shot-2021-12-03-at-3.51.18-PM.png"
"https://theblueprint.training/wp-content/uploads/2024/05/screenshot_2024-05-18_at_1.01.35___pm.png","image/png","200","OK","Indexable","","","98","","https://theblueprint.training/wp-content/uploads/2024/05/screenshot_2024-05-18_at_1.01.35___pm.png"
"https://theblueprint.training/wp-content/uploads/2021/08/Screen-Shot-2021-08-30-at-11.14.33-AM.png","image/png","200","OK","Indexable","","","98","","https://theblueprint.training/wp-content/uploads/2021/08/Screen-Shot-2021-08-30-at-11.14.33-AM.png"
"https://theblueprint.training/wp-content/uploads/2022/02/6opids5a-1.png","image/png","200","OK","Indexable","","","71","","https://theblueprint.training/wp-content/uploads/2022/02/6opids5a-1.png"
"https://theblueprint.training/wp-content/uploads/2025/12/Screenshot-2025-01-22-at-15.10.04-e1765304674415.png","image/png","200","OK","Indexable","","","109","","https://theblueprint.training/wp-content/uploads/2025/12/Screenshot-2025-01-22-at-15.10.04-e1765304674415.png"
"https://theblueprint.training/wp-content/uploads/2021/01/z3euj913-1-1.png","image/png","200","OK","Indexable","","","73","","https://theblueprint.training/wp-content/uploads/2021/01/z3euj913-1-1.png"
"https://theblueprint.training/wp-content/uploads/2021/01/Screen-Shot-2020-12-08-at-7.50.52-AM.png","image/png","200","OK","Indexable","","","97","","https://theblueprint.training/wp-content/uploads/2021/01/Screen-Shot-2020-12-08-at-7.50.52-AM.png"
"https://theblueprint.training/wp-content/uploads/2023/06/Screen-Shot-2023-06-10-at-5.30.58-PM.png","image/png","200","OK","Indexable","","","97","","https://theblueprint.training/wp-content/uploads/2023/06/Screen-Shot-2023-06-10-at-5.30.58-PM.png"
"https://theblueprint.training/wp-content/uploads/2022/12/Screen-Shot-2022-12-07-at-12.58.07-PM.png","image/png","200","OK","Indexable","","","98","","https://theblueprint.training/wp-content/uploads/2022/12/Screen-Shot-2022-12-07-at-12.58.07-PM.png"
"https://theblueprint.training/wp-content/uploads/2025/12/Screenshot-2025-01-16-at-10.05.13-e1765304500304.png","image/png","200","OK","Indexable","","","109","","https://theblueprint.training/wp-content/uploads/2025/12/Screenshot-2025-01-16-at-10.05.13-e1765304500304.png"
"https://theblueprint.training/wp-content/uploads/2021/01/x7g2x6r5-3.png","image/png","200","OK","Indexable","","","71","","https://theblueprint.training/wp-content/uploads/2021/01/x7g2x6r5-3.png"
"https://theblueprint.training/wp-content/uploads/2025/12/Screenshot-2025-12-08-at-12.37.46-e1765304460223.png","image/png","200","OK","Indexable","","","109","","https://theblueprint.training/wp-content/uploads/2025/12/Screenshot-2025-12-08-at-12.37.46-e1765304460223.png"
"https://theblueprint.training/wp-content/uploads/2021/07/Image-from-iOS.jpg","image/jpeg","200","OK","Indexable","","","75","","https://theblueprint.training/wp-content/uploads/2021/07/Image-from-iOS.jpg"
"https://theblueprint.training/wp-content/uploads/2021/01/adobe-fireworks-glasses-download-party-celebration-9612955eb09d05721992d905e88e7ffe-1.png","image/png","200","OK","Indexable","","","146","","https://theblueprint.training/wp-content/uploads/2021/01/adobe-fireworks-glasses-download-party-celebration-9612955eb09d05721992d905e88e7ffe-1.png"
"https://theblueprint.training/wp-content/uploads/2022/09/IMG_4884.jpg","image/jpeg","200","OK","Indexable","","","69","","https://theblueprint.training/wp-content/uploads/2022/09/IMG_4884.jpg"
"https://theblueprint.training/wp-content/uploads/2021/01/vc3qmvhf-1-1.png","image/png","200","OK","Indexable","","","73","","https://theblueprint.training/wp-content/uploads/2021/01/vc3qmvhf-1-1.png"
"https://theblueprint.training/wp-content/uploads/2021/01/Group-823.png","image/png","200","OK","Indexable","","","70","","https://theblueprint.training/wp-content/uploads/2021/01/Group-823.png"
"https://theblueprint.training/wp-content/uploads/2022/02/kjedalhk-1.png","image/png","200","OK","Indexable","","","71","","https://theblueprint.training/wp-content/uploads/2022/02/kjedalhk-1.png"
"https://theblueprint.training/wp-content/uploads/2021/01/awtbfbh0-1.png","image/png","200","OK","Indexable","","","71","","https://theblueprint.training/wp-content/uploads/2021/01/awtbfbh0-1.png"
"https://theblueprint.training/wp-content/uploads/2022/01/Screenshot-2022-01-26-at-18.03.39.png","image/png","200","OK","Indexable","","","94","","https://theblueprint.training/wp-content/uploads/2022/01/Screenshot-2022-01-26-at-18.03.39.png"
"https://theblueprint.training/wp-content/uploads/2023/06/Screen-Shot-2023-06-10-at-5.31.09-PM.png","image/png","200","OK","Indexable","","","97","","https://theblueprint.training/wp-content/uploads/2023/06/Screen-Shot-2023-06-10-at-5.31.09-PM.png"
"https://theblueprint.training/wp-content/uploads/2021/01/cr8vc1hw-3.png","image/png","200","OK","Indexable","","","71","","https://theblueprint.training/wp-content/uploads/2021/01/cr8vc1hw-3.png"
"https://theblueprint.training/wp-content/uploads/2021/04/Screen-Shot-2021-04-15-at-8.23.45-AM.png","image/png","200","OK","Indexable","","","97","","https://theblueprint.training/wp-content/uploads/2021/04/Screen-Shot-2021-04-15-at-8.23.45-AM.png"
"https://theblueprint.training/wp-content/uploads/2021/01/celebrate-6305585aeead28d76b92f8c318d5ce87-1.png","image/png","200","OK","Indexable","","","105","","https://theblueprint.training/wp-content/uploads/2021/01/celebrate-6305585aeead28d76b92f8c318d5ce87-1.png"
"https://theblueprint.training/wp-content/uploads/2023/02/Screen-Shot-2023-02-22-at-7.17.45-AM.png","image/png","200","OK","Indexable","","","97","","https://theblueprint.training/wp-content/uploads/2023/02/Screen-Shot-2023-02-22-at-7.17.45-AM.png"
"https://theblueprint.training/wp-content/uploads/2024/01/Screenshot-2024-01-06-at-8.36.40 AM.png","image/png","200","OK","Indexable","","","96","","https://theblueprint.training/wp-content/uploads/2024/01/Screenshot-2024-01-06-at-8.36.40%E2%80%AFAM.png"
"https://theblueprint.training/wp-content/uploads/2021/05/Screen-Shot-2021-05-18-at-3.08.34-PM.png","image/png","200","OK","Indexable","","","97","","https://theblueprint.training/wp-content/uploads/2021/05/Screen-Shot-2021-05-18-at-3.08.34-PM.png"
"https://theblueprint.training/wp-content/uploads/2024/08/Screenshot-2024-08-14-at-7.44.15 AM.png","image/png","200","OK","Indexable","","","96","","https://theblueprint.training/wp-content/uploads/2024/08/Screenshot-2024-08-14-at-7.44.15%E2%80%AFAM.png"
"https://theblueprint.training/wp-content/uploads/2025/11/Screenshot-2025-11-27-at-15.43.57.png","image/png","200","OK","Indexable","","","94","","https://theblueprint.training/wp-content/uploads/2025/11/Screenshot-2025-11-27-at-15.43.57.png"
"https://theblueprint.training/wp-content/uploads/2021/04/Screen-Shot-2021-04-08-at-12.56.19-PM.png","image/png","200","OK","Indexable","","","98","","https://theblueprint.training/wp-content/uploads/2021/04/Screen-Shot-2021-04-08-at-12.56.19-PM.png"
"https://theblueprint.training/wp-content/uploads/2024/08/Mask-group.png","image/png","200","OK","Indexable","","","71","","https://theblueprint.training/wp-content/uploads/2024/08/Mask-group.png"
"https://theblueprint.training/wp-content/uploads/2023/01/Screen-Shot-2023-01-31-at-8.46.33-AM.png","image/png","200","OK","Indexable","","","97","","https://theblueprint.training/wp-content/uploads/2023/01/Screen-Shot-2023-01-31-at-8.46.33-AM.png"
"https://theblueprint.training/wp-content/uploads/2021/09/Screen-Shot-2021-09-15-at-12.32.42-PM.png","image/png","200","OK","Indexable","","","98","","https://theblueprint.training/wp-content/uploads/2021/09/Screen-Shot-2021-09-15-at-12.32.42-PM.png"
"https://theblueprint.training/wp-content/uploads/2021/01/xdnx815m-2-1.png","image/png","200","OK","Indexable","","","73","","https://theblueprint.training/wp-content/uploads/2021/01/xdnx815m-2-1.png"
"https://theblueprint.training/wp-content/uploads/2021/01/Screen-Shot-2020-01-09-at-7.13.33-AM.png","image/png","200","OK","Indexable","","","97","","https://theblueprint.training/wp-content/uploads/2021/01/Screen-Shot-2020-01-09-at-7.13.33-AM.png"
"https://theblueprint.training/wp-content/uploads/2021/01/Screen-Shot-2020-05-28-at-7.43.16-PM.png","image/png","200","OK","Indexable","","","97","","https://theblueprint.training/wp-content/uploads/2021/01/Screen-Shot-2020-05-28-at-7.43.16-PM.png"
"https://theblueprint.training/wp-content/uploads/2024/03/Group-42.png","image/png","200","OK","Indexable","","","69","","https://theblueprint.training/wp-content/uploads/2024/03/Group-42.png"
"https://theblueprint.training/wp-content/uploads/2021/01/q27xz5yg-1.png","image/png","200","OK","Indexable","","","71","","https://theblueprint.training/wp-content/uploads/2021/01/q27xz5yg-1.png"
"https://theblueprint.training/wp-content/uploads/2024/05/blueprint_testimonial.png","image/png","200","OK","Indexable","","","82","","https://theblueprint.training/wp-content/uploads/2024/05/blueprint_testimonial.png"
"https://theblueprint.training/wp-content/uploads/2021/01/5y00u7pd-1-1.png","image/png","200","OK","Indexable","","","73","","https://theblueprint.training/wp-content/uploads/2021/01/5y00u7pd-1-1.png"
"https://theblueprint.training/wp-content/uploads/2021/01/y7ymp1v6-1-1.png","image/png","200","OK","Indexable","","","73","","https://theblueprint.training/wp-content/uploads/2021/01/y7ymp1v6-1-1.png"
"https://theblueprint.training/wp-content/uploads/2021/01/u5szid8y-3.png","image/png","200","OK","Indexable","","","71","","https://theblueprint.training/wp-content/uploads/2021/01/u5szid8y-3.png"
"https://theblueprint.training/wp-content/uploads/2021/08/Screen-Shot-2021-08-15-at-5.26.55-PM.png","image/png","200","OK","Indexable","","","97","","https://theblueprint.training/wp-content/uploads/2021/08/Screen-Shot-2021-08-15-at-5.26.55-PM.png"
"https://theblueprint.training/wp-content/uploads/2022/09/IMG_1995.jpg","image/jpeg","200","OK","Indexable","","","69","","https://theblueprint.training/wp-content/uploads/2022/09/IMG_1995.jpg"
"https://theblueprint.training/wp-content/uploads/2023/04/Screen-Shot-2023-04-06-at-9.09.01-AM.png","image/png","200","OK","Indexable","","","97","","https://theblueprint.training/wp-content/uploads/2023/04/Screen-Shot-2023-04-06-at-9.09.01-AM.png"
"https://theblueprint.training/wp-content/uploads/2021/11/Screen-Shot-2021-11-09-at-4.42.39-PM.png","image/png","200","OK","Indexable","","","97","","https://theblueprint.training/wp-content/uploads/2021/11/Screen-Shot-2021-11-09-at-4.42.39-PM.png"
"https://theblueprint.training/wp-content/uploads/2021/01/r3umepcf-1.png","image/png","200","OK","Indexable","","","71","","https://theblueprint.training/wp-content/uploads/2021/01/r3umepcf-1.png"
"https://theblueprint.training/wp-content/uploads/2021/01/Screen-Shot-2021-01-26-at-2.15.54-PM.png","image/png","200","OK","Indexable","","","97","","https://theblueprint.training/wp-content/uploads/2021/01/Screen-Shot-2021-01-26-at-2.15.54-PM.png"
"https://theblueprint.training/wp-content/uploads/2024/08/blueprint-testimonial.png","image/png","200","OK","Indexable","","","82","","https://theblueprint.training/wp-content/uploads/2024/08/blueprint-testimonial.png"
"https://theblueprint.training/wp-content/uploads/2025/11/Screenshot-2025-11-10-at-11.25.03-AM.png","image/png","200","OK","Indexable","","","97","","https://theblueprint.training/wp-content/uploads/2025/11/Screenshot-2025-11-10-at-11.25.03-AM.png"
"https://theblueprint.training/wp-content/uploads/2021/01/haokks6o-1-1.png","image/png","200","OK","Indexable","","","73","","https://theblueprint.training/wp-content/uploads/2021/01/haokks6o-1-1.png"
"https://theblueprint.training/wp-content/uploads/2021/07/Screen-Shot-2021-07-09-at-8.55.15-AM.png","image/png","200","OK","Indexable","","","97","","https://theblueprint.training/wp-content/uploads/2021/07/Screen-Shot-2021-07-09-at-8.55.15-AM.png"
"https://theblueprint.training/wp-content/uploads/2021/01/Screen-Shot-2021-01-30-at-8.57.43-AM.png","image/png","200","OK","Indexable","","","97","","https://theblueprint.training/wp-content/uploads/2021/01/Screen-Shot-2021-01-30-at-8.57.43-AM.png"
"https://theblueprint.training/wp-content/uploads/2025/12/Screenshot-2025-02-24-at-19.24.50-e1765304568835.png","image/png","200","OK","Indexable","","","109","","https://theblueprint.training/wp-content/uploads/2025/12/Screenshot-2025-02-24-at-19.24.50-e1765304568835.png"
"https://theblueprint.training/wp-content/uploads/2021/01/vsnr87ou-1-2.png","image/png","200","OK","Indexable","","","73","","https://theblueprint.training/wp-content/uploads/2021/01/vsnr87ou-1-2.png"
"https://theblueprint.training/wp-content/uploads/2024/09/Screenshot-2024-09-04-at-9.37.42 AM.png","image/png","200","OK","Indexable","","","96","","https://theblueprint.training/wp-content/uploads/2024/09/Screenshot-2024-09-04-at-9.37.42%E2%80%AFAM.png"
"https://theblueprint.training/wp-content/uploads/2021/01/n5bzmink-1-1.png","image/png","200","OK","Indexable","","","73","","https://theblueprint.training/wp-content/uploads/2021/01/n5bzmink-1-1.png"
"https://theblueprint.training/wp-content/uploads/2022/06/Screen-Shot-2022-06-22-at-9.29.42-PM.png","image/png","200","OK","Indexable","","","97","","https://theblueprint.training/wp-content/uploads/2022/06/Screen-Shot-2022-06-22-at-9.29.42-PM.png"
"https://theblueprint.training/wp-content/uploads/2022/10/IMG_1995.jpg","image/jpeg","200","OK","Indexable","","","69","","https://theblueprint.training/wp-content/uploads/2022/10/IMG_1995.jpg"
"https://theblueprint.training/wp-content/uploads/2023/06/Screen-Shot-2023-06-01-at-8.04.03-AM.png","image/png","200","OK","Indexable","","","97","","https://theblueprint.training/wp-content/uploads/2023/06/Screen-Shot-2023-06-01-at-8.04.03-AM.png"
"https://theblueprint.training/wp-content/uploads/2021/01/686hsf4h-1.png","image/png","200","OK","Indexable","","","71","","https://theblueprint.training/wp-content/uploads/2021/01/686hsf4h-1.png"
"https://theblueprint.training/wp-content/uploads/2021/01/Screen-Shot-2021-01-12-at-8.18.18-AM-1.png","image/png","200","OK","Indexable","","","99","","https://theblueprint.training/wp-content/uploads/2021/01/Screen-Shot-2021-01-12-at-8.18.18-AM-1.png"
"https://theblueprint.training/wp-content/uploads/2021/01/4ugvr23p-1-1.png","image/png","200","OK","Indexable","","","73","","https://theblueprint.training/wp-content/uploads/2021/01/4ugvr23p-1-1.png"
"https://theblueprint.training/wp-content/uploads/2025/12/Screenshot-2025-12-09-at-19.26.05.jpg","image/jpeg","200","OK","Indexable","","","94","","https://theblueprint.training/wp-content/uploads/2025/12/Screenshot-2025-12-09-at-19.26.05.jpg"
"https://theblueprint.training/wp-content/uploads/2021/01/1z2r6vnq-3.png","image/png","200","OK","Indexable","","","71","","https://theblueprint.training/wp-content/uploads/2021/01/1z2r6vnq-3.png"
"https://theblueprint.training/wp-content/uploads/2021/01/e9g5kixd-5.png","image/png","200","OK","Indexable","","","71","","https://theblueprint.training/wp-content/uploads/2021/01/e9g5kixd-5.png"
"https://theblueprint.training/wp-content/uploads/2023/05/Screen-Shot-2023-05-09-at-8.00.22-AM.png","image/png","200","OK","Indexable","","","97","","https://theblueprint.training/wp-content/uploads/2023/05/Screen-Shot-2023-05-09-at-8.00.22-AM.png"
"https://theblueprint.training/wp-content/uploads/2021/04/Screen-Shot-2021-04-15-at-8.21.33-AM.png","image/png","200","OK","Indexable","","","97","","https://theblueprint.training/wp-content/uploads/2021/04/Screen-Shot-2021-04-15-at-8.21.33-AM.png"
"https://theblueprint.training/wp-content/uploads/2023/01/Screen-Shot-2023-01-20-at-1.22.53-PM.png","image/png","200","OK","Indexable","","","97","","https://theblueprint.training/wp-content/uploads/2023/01/Screen-Shot-2023-01-20-at-1.22.53-PM.png"
"https://theblueprint.training/wp-content/uploads/2024/09/Screenshot-2024-09-23-at-7.56.07 AM.png","image/png","200","OK","Indexable","","","96","","https://theblueprint.training/wp-content/uploads/2024/09/Screenshot-2024-09-23-at-7.56.07%E2%80%AFAM.png"
"https://theblueprint.training/wp-content/uploads/2021/01/dxk031tq-1.png","image/png","200","OK","Indexable","","","71","","https://theblueprint.training/wp-content/uploads/2021/01/dxk031tq-1.png"
"https://theblueprint.training/wp-content/uploads/2021/01/Screen-Shot-2019-12-24-at-9.19-1-1.png","image/png","200","OK","Indexable","","","95","","https://theblueprint.training/wp-content/uploads/2021/01/Screen-Shot-2019-12-24-at-9.19-1-1.png"
"https://theblueprint.training/wp-content/uploads/2021/01/Group-824.png","image/png","200","OK","Indexable","","","70","","https://theblueprint.training/wp-content/uploads/2021/01/Group-824.png"
"https://theblueprint.training/wp-content/uploads/2022/06/Screen-Shot-2022-06-13-at-4.17.57-PM.png","image/png","200","OK","Indexable","","","97","","https://theblueprint.training/wp-content/uploads/2022/06/Screen-Shot-2022-06-13-at-4.17.57-PM.png"
"https://theblueprint.training/wp-content/uploads/2022/10/IMG_2202.jpg","image/jpeg","200","OK","Indexable","","","69","","https://theblueprint.training/wp-content/uploads/2022/10/IMG_2202.jpg"
"https://theblueprint.training/wp-content/uploads/2021/08/Screen-Shot-2021-08-12-at-9.15.18-AM.png","image/png","200","OK","Indexable","","","97","","https://theblueprint.training/wp-content/uploads/2021/08/Screen-Shot-2021-08-12-at-9.15.18-AM.png"
"https://theblueprint.training/wp-content/uploads/2021/01/4xdd419i-1-1.png","image/png","200","OK","Indexable","","","73","","https://theblueprint.training/wp-content/uploads/2021/01/4xdd419i-1-1.png"
"https://theblueprint.training/wp-content/uploads/2022/10/Screen-Shot-2022-10-29-at-9.49.04-AM.png","image/png","200","OK","Indexable","","","97","","https://theblueprint.training/wp-content/uploads/2022/10/Screen-Shot-2022-10-29-at-9.49.04-AM.png"
"https://theblueprint.training/wp-content/uploads/2021/01/Rectangle.png","image/png","200","OK","Indexable","","","70","","https://theblueprint.training/wp-content/uploads/2021/01/Rectangle.png"
"https://theblueprint.training/wp-content/uploads/2023/02/Screen-Shot-2023-02-24-at-1.54.59-PM.png","image/png","200","OK","Indexable","","","97","","https://theblueprint.training/wp-content/uploads/2023/02/Screen-Shot-2023-02-24-at-1.54.59-PM.png"
"https://theblueprint.training/wp-content/uploads/2021/01/Screen-Shot-2021-01-30-at-8.59.10-AM.png","image/png","200","OK","Indexable","","","97","","https://theblueprint.training/wp-content/uploads/2021/01/Screen-Shot-2021-01-30-at-8.59.10-AM.png"
"https://theblueprint.training/wp-content/uploads/2023/06/Screen-Shot-2023-06-10-at-5.31.30-PM.png","image/png","200","OK","Indexable","","","97","","https://theblueprint.training/wp-content/uploads/2023/06/Screen-Shot-2023-06-10-at-5.31.30-PM.png"
"https://theblueprint.training/wp-content/uploads/2023/01/Screen-Shot-2023-01-25-at-11.31.33-AM.png","image/png","200","OK","Indexable","","","98","","https://theblueprint.training/wp-content/uploads/2023/01/Screen-Shot-2023-01-25-at-11.31.33-AM.png"
"https://theblueprint.training/wp-content/uploads/2021/01/daqr2iqs-1-1.png","image/png","200","OK","Indexable","","","73","","https://theblueprint.training/wp-content/uploads/2021/01/daqr2iqs-1-1.png"
"https://theblueprint.training/wp-content/uploads/2021/01/595gw8ee-1-1.png","image/png","200","OK","Indexable","","","73","","https://theblueprint.training/wp-content/uploads/2021/01/595gw8ee-1-1.png"
"https://theblueprint.training/wp-content/uploads/2021/01/Screen-Shot-2020-05-14-at-1.33.29-PM.png","image/png","200","OK","Indexable","","","97","","https://theblueprint.training/wp-content/uploads/2021/01/Screen-Shot-2020-05-14-at-1.33.29-PM.png"
"https://theblueprint.training/wp-content/uploads/2021/01/Screen-Shot-2021-01-30-at-9.00.06-AM.png","image/png","200","OK","Indexable","","","97","","https://theblueprint.training/wp-content/uploads/2021/01/Screen-Shot-2021-01-30-at-9.00.06-AM.png"
"https://theblueprint.training/wp-content/uploads/2021/01/pq08hk0t-1-1.png","image/png","200","OK","Indexable","","","73","","https://theblueprint.training/wp-content/uploads/2021/01/pq08hk0t-1-1.png"
"https://theblueprint.training/wp-content/uploads/2021/01/Screen-Shot-2021-01-24-at-10.36.26-AM.png","image/png","200","OK","Indexable","","","98","","https://theblueprint.training/wp-content/uploads/2021/01/Screen-Shot-2021-01-24-at-10.36.26-AM.png"
"https://theblueprint.training/wp-content/uploads/2021/01/Screen-Shot-2021-01-30-at-8.59.49-AM.png","image/png","200","OK","Indexable","","","97","","https://theblueprint.training/wp-content/uploads/2021/01/Screen-Shot-2021-01-30-at-8.59.49-AM.png"
"https://theblueprint.training/wp-content/uploads/2024/08/Screenshot-2024-08-14-at-7.43.38 AM.png","image/png","200","OK","Indexable","","","96","","https://theblueprint.training/wp-content/uploads/2024/08/Screenshot-2024-08-14-at-7.43.38%E2%80%AFAM.png"
"https://theblueprint.training/wp-content/uploads/2024/08/Screenshot-2024-05-18-at-1.01.35 PM.png","image/png","200","OK","Indexable","","","96","","https://theblueprint.training/wp-content/uploads/2024/08/Screenshot-2024-05-18-at-1.01.35%E2%80%AFPM.png"
"https://theblueprint.training/wp-content/uploads/2021/01/Screen-Shot-2020-08-12-at-2.35.46-PM.png","image/png","200","OK","Indexable","","","97","","https://theblueprint.training/wp-content/uploads/2021/01/Screen-Shot-2020-08-12-at-2.35.46-PM.png"
"https://theblueprint.training/wp-content/uploads/2022/12/Screen-Shot-2022-12-06-at-8.02.25-AM.png","image/png","200","OK","Indexable","","","97","","https://theblueprint.training/wp-content/uploads/2022/12/Screen-Shot-2022-12-06-at-8.02.25-AM.png"
"https://theblueprint.training/wp-content/uploads/2022/01/Screenshot-2022-01-27-at-19.36.51.png","image/png","200","OK","Indexable","","","94","","https://theblueprint.training/wp-content/uploads/2022/01/Screenshot-2022-01-27-at-19.36.51.png"
"https://theblueprint.training/wp-content/uploads/2023/01/Screen-Shot-2023-01-25-at-4.24.24-PM.png","image/png","200","OK","Indexable","","","97","","https://theblueprint.training/wp-content/uploads/2023/01/Screen-Shot-2023-01-25-at-4.24.24-PM.png"
"https://theblueprint.training/wp-content/uploads/2021/01/8fk6r6bo-1-1.png","image/png","200","OK","Indexable","","","73","","https://theblueprint.training/wp-content/uploads/2021/01/8fk6r6bo-1-1.png"
"https://theblueprint.training/wp-content/uploads/2023/01/IMG_2438.jpg","image/jpeg","200","OK","Indexable","","","69","","https://theblueprint.training/wp-content/uploads/2023/01/IMG_2438.jpg"
"https://theblueprint.training/wp-content/uploads/2021/01/testi-1.svg","image/svg+xml","200","OK","Indexable","","","68","","https://theblueprint.training/wp-content/uploads/2021/01/testi-1.svg"
"https://theblueprint.training/wp-content/uploads/2021/08/Screen-Shot-2021-08-30-at-11.14.58-AM.png","image/png","200","OK","Indexable","","","98","","https://theblueprint.training/wp-content/uploads/2021/08/Screen-Shot-2021-08-30-at-11.14.58-AM.png"
"https://theblueprint.training/wp-content/uploads/2022/06/Screen-Shot-2022-06-14-at-8.34.27-AM.png","image/png","200","OK","Indexable","","","97","","https://theblueprint.training/wp-content/uploads/2022/06/Screen-Shot-2022-06-14-at-8.34.27-AM.png"
"https://theblueprint.training/wp-content/uploads/2021/12/Screen-Shot-2021-12-08-at-8.40.41-AM.png","image/png","200","OK","Indexable","","","97","","https://theblueprint.training/wp-content/uploads/2021/12/Screen-Shot-2021-12-08-at-8.40.41-AM.png"
"https://theblueprint.training/wp-content/uploads/2021/01/znn4lpx3-1.png","image/png","200","OK","Indexable","","","71","","https://theblueprint.training/wp-content/uploads/2021/01/znn4lpx3-1.png"
"https://theblueprint.training/wp-content/uploads/2026/03/Screenshot-2026-02-26-at-2.20.00-PM.jpg","image/jpeg","200","OK","Indexable","","","96","","https://theblueprint.training/wp-content/uploads/2026/03/Screenshot-2026-02-26-at-2.20.00-PM.jpg"
"https://theblueprint.training/wp-content/uploads/2021/04/Screen-Shot-2021-04-15-at-8.21.27-AM.png","image/png","200","OK","Indexable","","","97","","https://theblueprint.training/wp-content/uploads/2021/04/Screen-Shot-2021-04-15-at-8.21.27-AM.png"
"https://theblueprint.training/wp-content/uploads/2021/01/Group-821.png","image/png","200","OK","Indexable","","","70","","https://theblueprint.training/wp-content/uploads/2021/01/Group-821.png"
"https://theblueprint.training/wp-content/uploads/2026/02/IMG_5506.jpg","image/jpeg","200","OK","Indexable","","","69","","https://theblueprint.training/wp-content/uploads/2026/02/IMG_5506.jpg"
"https://theblueprint.training/wp-content/uploads/2023/02/Screen-Shot-2023-02-21-at-4.59.12-PM.png","image/png","200","OK","Indexable","","","97","","https://theblueprint.training/wp-content/uploads/2023/02/Screen-Shot-2023-02-21-at-4.59.12-PM.png"
"https://theblueprint.training/wp-content/uploads/2021/01/Screen-Shot-2019-05-08-at-10.53-1-1.png","image/png","200","OK","Indexable","","","96","","https://theblueprint.training/wp-content/uploads/2021/01/Screen-Shot-2019-05-08-at-10.53-1-1.png"
"https://theblueprint.training/wp-content/uploads/2021/01/3pt884vz-1.png","image/png","200","OK","Indexable","","","71","","https://theblueprint.training/wp-content/uploads/2021/01/3pt884vz-1.png"
"https://theblueprint.training/wp-content/uploads/2025/12/IMG_8464-e1765304350175.jpg","image/jpeg","200","OK","Indexable","","","84","","https://theblueprint.training/wp-content/uploads/2025/12/IMG_8464-e1765304350175.jpg"
"https://theblueprint.training/wp-content/uploads/2021/01/Screen-Shot-2021-01-30-at-8.58.54-AM.png","image/png","200","OK","Indexable","","","97","","https://theblueprint.training/wp-content/uploads/2021/01/Screen-Shot-2021-01-30-at-8.58.54-AM.png"
"https://theblueprint.training/wp-content/uploads/2024/03/Screenshot-2024-03-14-at-12.23.06 PM.png","image/png","200","OK","Indexable","","","97","","https://theblueprint.training/wp-content/uploads/2024/03/Screenshot-2024-03-14-at-12.23.06%E2%80%AFPM.png"
"https://theblueprint.training/wp-content/uploads/2023/02/Screen-Shot-2023-02-24-at-1.55.16-PM.png","image/png","200","OK","Indexable","","","97","","https://theblueprint.training/wp-content/uploads/2023/02/Screen-Shot-2023-02-24-at-1.55.16-PM.png"
"https://theblueprint.training/wp-content/uploads/2023/02/Screen-Shot-2023-02-02-at-5.32.12-PM.png","image/png","200","OK","Indexable","","","97","","https://theblueprint.training/wp-content/uploads/2023/02/Screen-Shot-2023-02-02-at-5.32.12-PM.png"
"https://theblueprint.training/wp-content/uploads/2021/04/davidtestimonial.jpg","image/jpeg","200","OK","Indexable","","","77","","https://theblueprint.training/wp-content/uploads/2021/04/davidtestimonial.jpg"
"https://theblueprint.training/wp-content/uploads/2024/08/Screenshot-2024-08-23-at-1.18.57 PM.png","image/png","200","OK","Indexable","","","96","","https://theblueprint.training/wp-content/uploads/2024/08/Screenshot-2024-08-23-at-1.18.57%E2%80%AFPM.png"
"https://theblueprint.training/wp-content/uploads/2022/01/Screen-Shot-2022-01-11-at-11.23.29-AM.png","image/png","200","OK","Indexable","","","98","","https://theblueprint.training/wp-content/uploads/2022/01/Screen-Shot-2022-01-11-at-11.23.29-AM.png"
"https://theblueprint.training/wp-content/uploads/2021/01/n61lap7f-1.png","image/png","200","OK","Indexable","","","71","","https://theblueprint.training/wp-content/uploads/2021/01/n61lap7f-1.png"
"https://theblueprint.training/wp-content/uploads/2025/05/Screenshot-2025-05-14-at-12.28.21 PM.png","image/png","200","OK","Indexable","","","97","","https://theblueprint.training/wp-content/uploads/2025/05/Screenshot-2025-05-14-at-12.28.21%E2%80%AFPM.png"
"https://theblueprint.training/wp-content/uploads/2021/01/zz8vxspd-1-1.png","image/png","200","OK","Indexable","","","73","","https://theblueprint.training/wp-content/uploads/2021/01/zz8vxspd-1-1.png"
"https://theblueprint.training/wp-content/uploads/2021/04/Screen-Shot-2021-04-19-at-8.27.18-AM.png","image/png","200","OK","Indexable","","","97","","https://theblueprint.training/wp-content/uploads/2021/04/Screen-Shot-2021-04-19-at-8.27.18-AM.png"
"https://theblueprint.training/wp-content/uploads/2021/05/blueprint-slack-imonial.png","image/png","200","OK","Indexable","","","84","","https://theblueprint.training/wp-content/uploads/2021/05/blueprint-slack-imonial.png"
"https://theblueprint.training/wp-content/uploads/2022/01/Screen-Shot-2022-01-11-at-3.49.06-PM.png","image/png","200","OK","Indexable","","","97","","https://theblueprint.training/wp-content/uploads/2022/01/Screen-Shot-2022-01-11-at-3.49.06-PM.png"
"https://theblueprint.training/wp-content/uploads/2023/02/Screen-Shot-2023-02-03-at-3.38.32-PM.png","image/png","200","OK","Indexable","","","97","","https://theblueprint.training/wp-content/uploads/2023/02/Screen-Shot-2023-02-03-at-3.38.32-PM.png"
"https://theblueprint.training/wp-content/uploads/2024/01/Screenshot-2024-01-23-at-8.37.12 AM.png","image/png","200","OK","Indexable","","","96","","https://theblueprint.training/wp-content/uploads/2024/01/Screenshot-2024-01-23-at-8.37.12%E2%80%AFAM.png"
"https://theblueprint.training/wp-content/uploads/2021/01/8uof8jb3-1-1.png","image/png","200","OK","Indexable","","","73","","https://theblueprint.training/wp-content/uploads/2021/01/8uof8jb3-1-1.png"
"https://theblueprint.training/wp-content/uploads/2025/12/IMG_8820-e1765304380909.jpg","image/jpeg","200","OK","Indexable","","","84","","https://theblueprint.training/wp-content/uploads/2025/12/IMG_8820-e1765304380909.jpg"
"https://theblueprint.training/wp-content/uploads/2021/11/Screen-Shot-2021-11-20-at-10.16.16-AM.png","image/png","200","OK","Indexable","","","98","","https://theblueprint.training/wp-content/uploads/2021/11/Screen-Shot-2021-11-20-at-10.16.16-AM.png"
"https://theblueprint.training/wp-content/uploads/2025/12/Screenshot-2025-03-03-at-17.40.07-e1765304412275.png","image/png","200","OK","Indexable","","","109","","https://theblueprint.training/wp-content/uploads/2025/12/Screenshot-2025-03-03-at-17.40.07-e1765304412275.png"
"https://theblueprint.training/wp-content/uploads/2021/02/slackimonail-200.png","image/png","200","OK","Indexable","","","77","","https://theblueprint.training/wp-content/uploads/2021/02/slackimonail-200.png"
"https://theblueprint.training/wp-content/uploads/2025/12/Screenshot-2025-12-09-at-19.16.43.jpg","image/jpeg","200","OK","Indexable","","","94","","https://theblueprint.training/wp-content/uploads/2025/12/Screenshot-2025-12-09-at-19.16.43.jpg"
"https://theblueprint.training/wp-content/uploads/2021/11/Screen-Shot-2021-11-11-at-11.53.19-AM.png","image/png","200","OK","Indexable","","","98","","https://theblueprint.training/wp-content/uploads/2021/11/Screen-Shot-2021-11-11-at-11.53.19-AM.png"
"https://theblueprint.training/wp-content/uploads/2021/01/dms_rev_06.svg","image/svg+xml","200","OK","Indexable","","","71","","https://theblueprint.training/wp-content/uploads/2021/01/dms_rev_06.svg"
"https://theblueprint.training/wp-content/uploads/2021/02/Screen-Shot-2021-02-12-at-8.18.04-AM.png","image/png","200","OK","Indexable","","","97","","https://theblueprint.training/wp-content/uploads/2021/02/Screen-Shot-2021-02-12-at-8.18.04-AM.png"
"https://theblueprint.training/wp-content/uploads/2021/01/3pbh5h5b-2.png","image/png","200","OK","Indexable","","","71","","https://theblueprint.training/wp-content/uploads/2021/01/3pbh5h5b-2.png"
"https://theblueprint.training/wp-content/uploads/2022/06/Screen-Shot-2022-06-01-at-10.30.20-AM.png","image/png","200","OK","Indexable","","","98","","https://theblueprint.training/wp-content/uploads/2022/06/Screen-Shot-2022-06-01-at-10.30.20-AM.png"
"https://theblueprint.training/wp-includes/js/comment-reply.min.js?ver=6.9.4","application/javascript","200","OK","Indexable","","","75","","https://theblueprint.training/wp-includes/js/comment-reply.min.js?ver=6.9.4"
"https://theblueprint.training/wp-content/plugins/easy-table-of-contents/assets/css/screen.min.css?ver=2.0.83","text/css","200","OK","Indexable","","","108","","https://theblueprint.training/wp-content/plugins/easy-table-of-contents/assets/css/screen.min.css?ver=2.0.83"
"https://theblueprint.training/wp-content/plugins/akismet/_inc/akismet-frontend.js?ver=1777285862","application/javascript","200","OK","Indexable","","","96","","https://theblueprint.training/wp-content/plugins/akismet/_inc/akismet-frontend.js?ver=1777285862"
"https://theblueprint.training/wp-content/uploads/2024/09/Screenshot-2024-01-31-at-16.06-1.png-2.jpg-1-12.png","image/png","200","OK","Indexable","","","108","","https://theblueprint.training/wp-content/uploads/2024/09/Screenshot-2024-01-31-at-16.06-1.png-2.jpg-1-12.png"
"https://theblueprint.training/wp-content/uploads/2024/01/Screenshot-2024-01-22-at-5.17.25 PM.png","image/png","200","OK","Indexable","","","96","","https://theblueprint.training/wp-content/uploads/2024/01/Screenshot-2024-01-22-at-5.17.25%E2%80%AFPM.png"
"https://theblueprint.training/wp-content/uploads/2024/09/Screenshot-2024-01-31-at-16.06-1.png-2.jpg-1-17.png","image/png","200","OK","Indexable","","","108","","https://theblueprint.training/wp-content/uploads/2024/09/Screenshot-2024-01-31-at-16.06-1.png-2.jpg-1-17.png"
"https://theblueprint.training/wp-content/uploads/2025/04/done_sops_img.jpg-1-2.png","image/png","200","OK","Indexable","","","82","","https://theblueprint.training/wp-content/uploads/2025/04/done_sops_img.jpg-1-2.png"
"https://theblueprint.training/wp-content/uploads/2024/09/done_sops_img.jpg-1.png","image/png","200","OK","Indexable","","","80","","https://theblueprint.training/wp-content/uploads/2024/09/done_sops_img.jpg-1.png"
"https://theblueprint.training/wp-content/uploads/2024/09/Screenshot-2024-01-31-at-16.06-1.png-2.jpg-1-4.png","image/png","200","OK","Indexable","","","107","","https://theblueprint.training/wp-content/uploads/2024/09/Screenshot-2024-01-31-at-16.06-1.png-2.jpg-1-4.png"
"https://theblueprint.training/wp-content/uploads/2024/09/Screenshot-2024-01-31-at-16.06-1.png-2.jpg-1-20.png","image/png","200","OK","Indexable","","","108","","https://theblueprint.training/wp-content/uploads/2024/09/Screenshot-2024-01-31-at-16.06-1.png-2.jpg-1-20.png"
"https://theblueprint.training/wp-content/uploads/2024/09/Screenshot-2024-01-31-at-16.06-1.png-2.jpg-1-25.png","image/png","200","OK","Indexable","","","108","","https://theblueprint.training/wp-content/uploads/2024/09/Screenshot-2024-01-31-at-16.06-1.png-2.jpg-1-25.png"
"https://theblueprint.training/wp-content/uploads/2024/09/Screenshot-2024-01-31-at-16.06-1.png-2.jpg-1-16.png","image/png","200","OK","Indexable","","","108","","https://theblueprint.training/wp-content/uploads/2024/09/Screenshot-2024-01-31-at-16.06-1.png-2.jpg-1-16.png"
"https://theblueprint.training/wp-content/uploads/2024/09/done_sops_img.jpg-1-7.png","image/png","200","OK","Indexable","","","82","","https://theblueprint.training/wp-content/uploads/2024/09/done_sops_img.jpg-1-7.png"
"https://theblueprint.training/wp-content/uploads/2024/09/Screenshot-2024-01-31-at-16.06-1.png-2.jpg-1-21.png","image/png","200","OK","Indexable","","","108","","https://theblueprint.training/wp-content/uploads/2024/09/Screenshot-2024-01-31-at-16.06-1.png-2.jpg-1-21.png"
"https://theblueprint.training/wp-content/uploads/2024/09/Screenshot-2024-01-31-at-16.06-1.png-2.jpg-1-29.png","image/png","200","OK","Indexable","","","108","","https://theblueprint.training/wp-content/uploads/2024/09/Screenshot-2024-01-31-at-16.06-1.png-2.jpg-1-29.png"
"https://theblueprint.training/wp-content/uploads/2024/09/Screenshot-2024-01-31-at-16.06-1.png-2.jpg-1-5.png","image/png","200","OK","Indexable","","","107","","https://theblueprint.training/wp-content/uploads/2024/09/Screenshot-2024-01-31-at-16.06-1.png-2.jpg-1-5.png"
"https://theblueprint.training/wp-content/uploads/2024/09/done_sops_img.jpg-1-1.png","image/png","200","OK","Indexable","","","82","","https://theblueprint.training/wp-content/uploads/2024/09/done_sops_img.jpg-1-1.png"
"https://theblueprint.training/author/elena/","text/html; charset=UTF-8","200","OK","Non-Indexable","noindex","cbe92b35726cd5fed0d2551d5fbf8c02","43","","https://theblueprint.training/author/elena/"
"https://theblueprint.training/wp-content/uploads/2024/09/Market-Fir.png","image/png","200","OK","Indexable","","","71","","https://theblueprint.training/wp-content/uploads/2024/09/Market-Fir.png"
"https://theblueprint.training/wp-content/uploads/2025/04/Screenshot-2024-01-31-at-16.06-1.png-2.jpg-1-1.png","image/png","200","OK","Indexable","","","107","","https://theblueprint.training/wp-content/uploads/2025/04/Screenshot-2024-01-31-at-16.06-1.png-2.jpg-1-1.png"
"https://theblueprint.training/wp-content/uploads/2024/09/Screenshot-2024-01-31-at-16.06-1.png-2.jpg-1-22.png","image/png","200","OK","Indexable","","","108","","https://theblueprint.training/wp-content/uploads/2024/09/Screenshot-2024-01-31-at-16.06-1.png-2.jpg-1-22.png"
"https://theblueprint.training/wp-content/uploads/2024/09/Screenshot-2024-01-31-at-16.06-1.png-2.jpg-1-26.png","image/png","200","OK","Indexable","","","108","","https://theblueprint.training/wp-content/uploads/2024/09/Screenshot-2024-01-31-at-16.06-1.png-2.jpg-1-26.png"
"https://theblueprint.training/wp-content/uploads/2024/09/Screenshot-2024-01-31-at-16.06-1.png-2.jpg-1-13.png","image/png","200","OK","Indexable","","","108","","https://theblueprint.training/wp-content/uploads/2024/09/Screenshot-2024-01-31-at-16.06-1.png-2.jpg-1-13.png"
"https://theblueprint.training/wp-content/uploads/2024/08/Group-3547.svg","image/svg+xml","200","OK","Indexable","","","71","","https://theblueprint.training/wp-content/uploads/2024/08/Group-3547.svg"
"https://theblueprint.training/wp-content/uploads/2025/04/Screenshot-2024-01-31-at-16.06-1.png-2.jpg-1.png","image/png","200","OK","Indexable","","","105","","https://theblueprint.training/wp-content/uploads/2025/04/Screenshot-2024-01-31-at-16.06-1.png-2.jpg-1.png"
"https://theblueprint.training/wp-content/uploads/2024/09/Screenshot-2024-01-31-at-16.06-1.png-2.jpg-1-23.png","image/png","200","OK","Indexable","","","108","","https://theblueprint.training/wp-content/uploads/2024/09/Screenshot-2024-01-31-at-16.06-1.png-2.jpg-1-23.png"
"https://theblueprint.training/wp-content/uploads/2024/09/Screenshot-2024-01-31-at-16.06-1.png-2.jpg-1-1.png","image/png","200","OK","Indexable","","","107","","https://theblueprint.training/wp-content/uploads/2024/09/Screenshot-2024-01-31-at-16.06-1.png-2.jpg-1-1.png"
"https://theblueprint.training/wp-content/uploads/2024/09/Screenshot-2024-01-31-at-16.06-1.png-2.jpg-1-7.png","image/png","200","OK","Indexable","","","107","","https://theblueprint.training/wp-content/uploads/2024/09/Screenshot-2024-01-31-at-16.06-1.png-2.jpg-1-7.png"
"https://theblueprint.training/wp-content/uploads/2024/09/done_sops_img.jpg-1-9.png","image/png","200","OK","Indexable","","","82","","https://theblueprint.training/wp-content/uploads/2024/09/done_sops_img.jpg-1-9.png"
"https://theblueprint.training/wp-content/uploads/2024/09/done_sops_img.jpg-1-5.png","image/png","200","OK","Indexable","","","82","","https://theblueprint.training/wp-content/uploads/2024/09/done_sops_img.jpg-1-5.png"
"https://theblueprint.training/wp-content/uploads/2024/09/Screenshot-2024-01-31-at-16.06-1.png-2.jpg-1-27.png","image/png","200","OK","Indexable","","","108","","https://theblueprint.training/wp-content/uploads/2024/09/Screenshot-2024-01-31-at-16.06-1.png-2.jpg-1-27.png"
"https://theblueprint.training/wp-content/uploads/2024/09/done_sops_img.jpg-1-8.png","image/png","200","OK","Indexable","","","82","","https://theblueprint.training/wp-content/uploads/2024/09/done_sops_img.jpg-1-8.png"
"https://theblueprint.training/wp-content/uploads/2024/09/Screenshot-2024-01-31-at-16.06-1.png-2.jpg-1-14.png","image/png","200","OK","Indexable","","","108","","https://theblueprint.training/wp-content/uploads/2024/09/Screenshot-2024-01-31-at-16.06-1.png-2.jpg-1-14.png"
"https://theblueprint.training/wp-content/uploads/2025/04/done_sops_img.jpg-1-1.png","image/png","200","OK","Indexable","","","82","","https://theblueprint.training/wp-content/uploads/2025/04/done_sops_img.jpg-1-1.png"
"https://theblueprint.training/wp-content/uploads/2024/09/done_sops_img.jpg-1-3.png","image/png","200","OK","Indexable","","","82","","https://theblueprint.training/wp-content/uploads/2024/09/done_sops_img.jpg-1-3.png"
"https://theblueprint.training/wp-content/uploads/2024/09/Screenshot-2024-01-31-at-16.06-1.png-2.jpg-1-28.png","image/png","200","OK","Indexable","","","108","","https://theblueprint.training/wp-content/uploads/2024/09/Screenshot-2024-01-31-at-16.06-1.png-2.jpg-1-28.png"
"https://theblueprint.training/wp-content/uploads/2024/09/Screenshot-2024-01-31-at-16.06-1.png-2.jpg-1-11.png","image/png","200","OK","Indexable","","","108","","https://theblueprint.training/wp-content/uploads/2024/09/Screenshot-2024-01-31-at-16.06-1.png-2.jpg-1-11.png"
"https://theblueprint.training/wp-content/uploads/2024/09/done_sops_img.jpg-1-4.png","image/png","200","OK","Indexable","","","82","","https://theblueprint.training/wp-content/uploads/2024/09/done_sops_img.jpg-1-4.png"
"https://theblueprint.training/wp-content/uploads/2024/08/Group-3494.svg","image/svg+xml","200","OK","Indexable","","","71","","https://theblueprint.training/wp-content/uploads/2024/08/Group-3494.svg"
"https://theblueprint.training/wp-content/uploads/2024/09/Screenshot-2024-01-31-at-16.06-1.png-2.jpg-1-15.png","image/png","200","OK","Indexable","","","108","","https://theblueprint.training/wp-content/uploads/2024/09/Screenshot-2024-01-31-at-16.06-1.png-2.jpg-1-15.png"
"https://theblueprint.training/wp-content/uploads/2024/08/all_boot_ico.svg","image/svg+xml","200","OK","Indexable","","","73","","https://theblueprint.training/wp-content/uploads/2024/08/all_boot_ico.svg"
"https://theblueprint.training/wp-content/uploads/2024/09/Group-2584.png","image/png","200","OK","Indexable","","","71","","https://theblueprint.training/wp-content/uploads/2024/09/Group-2584.png"
"https://theblueprint.training/wp-content/uploads/2024/08/Group-3492.svg","image/svg+xml","200","OK","Indexable","","","71","","https://theblueprint.training/wp-content/uploads/2024/08/Group-3492.svg"
"https://theblueprint.training/wp-content/uploads/2024/08/Group-3503.svg","image/svg+xml","200","OK","Indexable","","","71","","https://theblueprint.training/wp-content/uploads/2024/08/Group-3503.svg"
"https://theblueprint.training/wp-content/uploads/2024/09/Group.png","image/png","200","OK","Indexable","","","66","","https://theblueprint.training/wp-content/uploads/2024/09/Group.png"
"https://theblueprint.training/wp-content/uploads/2024/08/Group-3489@3x.svg","image/svg+xml","200","OK","Indexable","","","74","","https://theblueprint.training/wp-content/uploads/2024/08/Group-3489@3x.svg"
"https://theblueprint.training/wp-content/uploads/2024/08/Group-3498.svg","image/svg+xml","200","OK","Indexable","","","71","","https://theblueprint.training/wp-content/uploads/2024/08/Group-3498.svg"
"https://theblueprint.training/wp-content/uploads/2024/08/Group-2726.svg","image/svg+xml","200","OK","Indexable","","","71","","https://theblueprint.training/wp-content/uploads/2024/08/Group-2726.svg"
"https://theblueprint.training/wp-content/uploads/2024/09/Screenshot-2024-01-31-at-16.06-1.png-2.png","image/png","200","OK","Indexable","","","99","","https://theblueprint.training/wp-content/uploads/2024/09/Screenshot-2024-01-31-at-16.06-1.png-2.png"
"https://theblueprint.training/wp-content/uploads/2024/08/Group-3495.svg","image/svg+xml","200","OK","Indexable","","","71","","https://theblueprint.training/wp-content/uploads/2024/08/Group-3495.svg"
"https://theblueprint.training/bootcamps/generate-leads-meta-ads/","text/html; charset=UTF-8","301","Moved Permanently","Non-Indexable","Redirected","","64","","https://theblueprint.training/bootcamps/generate-leads-meta-ads/"
"https://theblueprint.training/wp-content/uploads/2025/07/Vector-1.png","image/png","200","OK","Indexable","","","69","","https://theblueprint.training/wp-content/uploads/2025/07/Vector-1.png"
"https://theblueprint.training/local-seo-training/","text/html; charset=UTF-8","200","OK","Indexable","","7fb6c7e7c111f7c9a3af2f378455f3f3","49","https://theblueprint.training/local-seo-training/","https://theblueprint.training/local-seo-training/"
"https://theblueprint.training/seo-content-training/","text/html; charset=UTF-8","200","OK","Indexable","","52b686037af5fb19c73780a01ac63622","51","https://theblueprint.training/seo-content-training/","https://theblueprint.training/seo-content-training/"
"https://theblueprint.training/wp-content/uploads/2024/08/Group-3491.svg","image/svg+xml","200","OK","Indexable","","","71","","https://theblueprint.training/wp-content/uploads/2024/08/Group-3491.svg"
"https://theblueprint.training/wp-content/uploads/2024/10/Cover.png","image/png","200","OK","Indexable","","","66","","https://theblueprint.training/wp-content/uploads/2024/10/Cover.png"
"https://theblueprint.training/wp-content/uploads/2024/07/Cover-2.png","image/png","200","OK","Indexable","","","68","","https://theblueprint.training/wp-content/uploads/2024/07/Cover-2.png"
"https://theblueprint.training/build-authority-links-for-clients/","text/html; charset=UTF-8","200","OK","Indexable","","420836d6266bf076ff31a24b55686add","64","https://theblueprint.training/build-authority-links-for-clients/","https://theblueprint.training/build-authority-links-for-clients/"
"https://theblueprint.training/technical-seo-bootcamp/","text/html; charset=UTF-8","200","OK","Indexable","","878968c3b7929286edad162a49837b71","53","https://theblueprint.training/technical-seo-bootcamp/","https://theblueprint.training/technical-seo-bootcamp/"
"https://theblueprint.training/agency-tax-planning/","text/html; charset=UTF-8","200","OK","Indexable","","a1458444399f90c610c1702c7f250e38","50","https://theblueprint.training/agency-tax-planning/","https://theblueprint.training/agency-tax-planning/"
"https://theblueprint.training/wp-content/uploads/2020/04/112-.-Guest-Interview-BPT-6-copy.jpg","image/jpeg","200","OK","Indexable","","","93","","https://theblueprint.training/wp-content/uploads/2020/04/112-.-Guest-Interview-BPT-6-copy.jpg"
"https://theblueprint.training/content-marketing-for-agencies/","text/html; charset=UTF-8","200","OK","Indexable","","b0e719e3e9825b6a7318989c00d0fe7d","61","https://theblueprint.training/content-marketing-for-agencies/","https://theblueprint.training/content-marketing-for-agencies/"
"https://theblueprint.training/get-featured-podcasts/","text/html; charset=UTF-8","200","OK","Indexable","","6a0f20abb0dcd2bb24c9cf1a27adb662","52","https://theblueprint.training/get-featured-podcasts/","https://theblueprint.training/get-featured-podcasts/"
"https://theblueprint.training/agency-positioning/","text/html; charset=UTF-8","200","OK","Indexable","","fd76cea99be0c7ec6ca114e84e60d443","49","https://theblueprint.training/agency-positioning/","https://theblueprint.training/agency-positioning/"
"https://theblueprint.training/seo-templates-every-agency-needs/","text/html; charset=UTF-8","200","OK","Indexable","","4d1bdf6949bea1b5c73213e1a0c2f163","63","https://theblueprint.training/seo-templates-every-agency-needs/","https://theblueprint.training/seo-templates-every-agency-needs/"
"https://theblueprint.training/sell-agency/","text/html; charset=UTF-8","200","OK","Indexable","","16b0d865b170f25bd365ad955bc1398c","42","https://theblueprint.training/sell-agency/","https://theblueprint.training/sell-agency/"
"https://theblueprint.training/seo-process/","text/html; charset=UTF-8","200","OK","Indexable","","5fc4953f7d0cfaa9c382ded84cecfda0","42","https://theblueprint.training/seo-process/","https://theblueprint.training/seo-process/"
"https://theblueprint.training/link-building-for-dentists/","text/html; charset=UTF-8","200","OK","Indexable","","fcbcececa8df7da55f0505bd094df705","57","https://theblueprint.training/link-building-for-dentists/","https://theblueprint.training/link-building-for-dentists/"
"https://theblueprint.training/wp-content/uploads/2025/10/Untitled-design-1.jpg","image/jpeg","200","OK","Indexable","","","78","","https://theblueprint.training/wp-content/uploads/2025/10/Untitled-design-1.jpg"
"https://theblueprint.training/link-building-strategy/","text/html; charset=UTF-8","200","OK","Indexable","","5dffb7e04f4d9a11025ca6563f3a2606","53","https://theblueprint.training/link-building-strategy/","https://theblueprint.training/link-building-strategy/"
"https://theblueprint.training/agency-pricing-models/","text/html; charset=UTF-8","200","OK","Indexable","","13a02345cd81d7a77072e48d51be5a29","52","https://theblueprint.training/agency-pricing-models/","https://theblueprint.training/agency-pricing-models/"
"https://theblueprint.training/wp-content/uploads/2024/08/124.-Expending-rankings-.-copy.jpg","image/jpeg","200","OK","Indexable","","","91","","https://theblueprint.training/wp-content/uploads/2024/08/124.-Expending-rankings-.-copy.jpg"
"https://theblueprint.training/keyword-intent/","text/html; charset=UTF-8","200","OK","Indexable","","521430a43ebd9a373b775b6b259ff9cb","45","https://theblueprint.training/keyword-intent/","https://theblueprint.training/keyword-intent/"
"https://theblueprint.training/wp-content/uploads/2024/08/100-.-Guest-Interview-BPT-3-copy.jpg","image/jpeg","200","OK","Indexable","","","93","","https://theblueprint.training/wp-content/uploads/2024/08/100-.-Guest-Interview-BPT-3-copy.jpg"
"https://theblueprint.training/wp-content/uploads/2022/06/Vector.png","image/png","200","OK","Indexable","","","67","","https://theblueprint.training/wp-content/uploads/2022/06/Vector.png"
"https://theblueprint.training/agency-growth-framework-jason-swenk/","text/html; charset=UTF-8","200","OK","Indexable","","a6e3b2b951ea89b43bbda723debd6b75","66","https://theblueprint.training/agency-growth-framework-jason-swenk/","https://theblueprint.training/agency-growth-framework-jason-swenk/"
"https://theblueprint.training/aleric-heck-youtube/","text/html; charset=UTF-8","200","OK","Indexable","","6ba85af376a9b9e86ed401803b74ddbf","50","https://theblueprint.training/aleric-heck-youtube/","https://theblueprint.training/aleric-heck-youtube/"
"https://theblueprint.training/agency-growth/","text/html; charset=UTF-8","200","OK","Indexable","","e852920418f34ff13e2f753f963ae210","44","https://theblueprint.training/agency-growth/","https://theblueprint.training/agency-growth/"
"https://theblueprint.training/wp-content/uploads/2020/03/Aaron-Gray-Blog-Image.png","image/png","200","OK","Indexable","","","82","","https://theblueprint.training/wp-content/uploads/2020/03/Aaron-Gray-Blog-Image.png"
"https://theblueprint.training/seo-agency-lead-generation/","text/html; charset=UTF-8","200","OK","Indexable","","fcfb7cc604f1814c31b8735f85519b3d","57","https://theblueprint.training/seo-agency-lead-generation/","https://theblueprint.training/seo-agency-lead-generation/"
"https://theblueprint.training/marketing-your-agency-ruan-marinho/","text/html; charset=UTF-8","200","OK","Indexable","","f1fd80efa3314527a447ffdc8132cb5b","65","https://theblueprint.training/marketing-your-agency-ruan-marinho/","https://theblueprint.training/marketing-your-agency-ruan-marinho/"
"https://theblueprint.training/wp-content/uploads/2024/07/104-.-Guest-Interview-BPT-5-copy.jpg","image/jpeg","200","OK","Indexable","","","93","","https://theblueprint.training/wp-content/uploads/2024/07/104-.-Guest-Interview-BPT-5-copy.jpg"
"https://theblueprint.training/how-to-speak-at-an-seo-conference/","text/html; charset=UTF-8","200","OK","Indexable","","9a7b37d4c911d8b28f9f17b05ea36a6a","64","https://theblueprint.training/how-to-speak-at-an-seo-conference/","https://theblueprint.training/how-to-speak-at-an-seo-conference/"
"https://theblueprint.training/michael-king-ipullrank/","text/html; charset=UTF-8","200","OK","Indexable","","68673df95a93c088fbea54aa51215281","53","https://theblueprint.training/michael-king-ipullrank/","https://theblueprint.training/michael-king-ipullrank/"
"https://theblueprint.training/moz-vs-semrush-vs-ahrefs/","text/html; charset=UTF-8","200","OK","Indexable","","d6e95b3a450f0dafb84c6f84f6252e62","55","https://theblueprint.training/moz-vs-semrush-vs-ahrefs/","https://theblueprint.training/moz-vs-semrush-vs-ahrefs/"
"https://theblueprint.training/brian-dean-consulting/","text/html; charset=UTF-8","200","OK","Indexable","","34cbcb8530d68955a96a517454c36691","52","https://theblueprint.training/brian-dean-consulting/","https://theblueprint.training/brian-dean-consulting/"
"https://theblueprint.training/seo-report/","text/html; charset=UTF-8","200","OK","Indexable","","432d818cfbbf578188b520d94b9a5183","41","https://theblueprint.training/seo-report/","https://theblueprint.training/seo-report/"
"https://theblueprint.training/wp-content/uploads/2024/12/125-.-Guest-Interview-BPT-8-copy.jpg","image/jpeg","200","OK","Indexable","","","93","","https://theblueprint.training/wp-content/uploads/2024/12/125-.-Guest-Interview-BPT-8-copy.jpg"
"https://theblueprint.training/webinar-email-sequences/","text/html; charset=UTF-8","200","OK","Indexable","","66d2f458a1aee69bac6556cc28be38ff","54","https://theblueprint.training/webinar-email-sequences/","https://theblueprint.training/webinar-email-sequences/"
"https://theblueprint.training/local-seo/","text/html; charset=UTF-8","200","OK","Indexable","","f62f2081b9392241be9db49307e88086","40","https://theblueprint.training/local-seo/","https://theblueprint.training/local-seo/"
"https://theblueprint.training/seo-roi/","text/html; charset=UTF-8","200","OK","Indexable","","15d1f01cd0786e41a687ca3f76fde567","38","https://theblueprint.training/seo-roi/","https://theblueprint.training/seo-roi/"
"https://theblueprint.training/john-saunders/","text/html; charset=UTF-8","200","OK","Indexable","","aed24fc660838144927d076a5914932b","44","https://theblueprint.training/john-saunders/","https://theblueprint.training/john-saunders/"
"https://theblueprint.training/joel-klettke/","text/html; charset=UTF-8","200","OK","Indexable","","12de10234353eea1217e16e1de2eff83","43","https://theblueprint.training/joel-klettke/","https://theblueprint.training/joel-klettke/"
"https://theblueprint.training/charge-more-services/","text/html; charset=UTF-8","200","OK","Indexable","","577321399c70364896904744512a5839","51","https://theblueprint.training/charge-more-services/","https://theblueprint.training/charge-more-services/"
"https://theblueprint.training/author/dragana/","text/html; charset=UTF-8","200","OK","Non-Indexable","noindex","ebf03b1e2d62d7be21e5020e7b49672f","45","","https://theblueprint.training/author/dragana/"
"https://theblueprint.training/expand-ranking-radius/","text/html; charset=UTF-8","200","OK","Indexable","","2515dc0801b072aa4be63424d2750dc1","52","https://theblueprint.training/expand-ranking-radius/","https://theblueprint.training/expand-ranking-radius/"
"https://theblueprint.training/high-ticket-sales/","text/html; charset=UTF-8","200","OK","Indexable","","9e1d55832544953f19e81a4da71489ec","48","https://theblueprint.training/high-ticket-sales/","https://theblueprint.training/high-ticket-sales/"
"https://theblueprint.training/niches-for-your-agency/","text/html; charset=UTF-8","200","OK","Indexable","","164551a8611a84685a0743a6ab09fedf","53","https://theblueprint.training/niches-for-your-agency/","https://theblueprint.training/niches-for-your-agency/"
"https://theblueprint.training/wp-content/uploads/2019/08/Screen-Shot-2019-08-13-at-8.32.35-AM.png","image/png","200","OK","Indexable","","","97","","https://theblueprint.training/wp-content/uploads/2019/08/Screen-Shot-2019-08-13-at-8.32.35-AM.png"
"https://theblueprint.training/keyword-research/","text/html; charset=UTF-8","200","OK","Indexable","","abe4b7a9d4b748e4212ff179e9dd78e9","47","https://theblueprint.training/keyword-research/","https://theblueprint.training/keyword-research/"
"https://theblueprint.training/john-doherty/","text/html; charset=UTF-8","200","OK","Indexable","","6f6d954f5c184adfc595f1c0e649b106","43","https://theblueprint.training/john-doherty/","https://theblueprint.training/john-doherty/"
"https://theblueprint.training/seo-tinder/","text/html; charset=UTF-8","200","OK","Indexable","","a822700db1fdce6dc7421fb29ab3afde","41","https://theblueprint.training/seo-tinder/","https://theblueprint.training/seo-tinder/"
"https://theblueprint.training/wp-content/uploads/2020/08/32.1.png","image/png","200","OK","Indexable","","","65","","https://theblueprint.training/wp-content/uploads/2020/08/32.1.png"
"https://theblueprint.training/why-is-my-website-losing-organic-traffic/","text/html; charset=UTF-8","200","OK","Indexable","","2d0234686f9205d1b61251fb6db3a516","71","https://theblueprint.training/why-is-my-website-losing-organic-traffic/","https://theblueprint.training/why-is-my-website-losing-organic-traffic/"
"https://theblueprint.training/mark-luckenbaugh/","text/html; charset=UTF-8","200","OK","Indexable","","dc2eab4b543f92149ada32661278745e","47","https://theblueprint.training/mark-luckenbaugh/","https://theblueprint.training/mark-luckenbaugh/"
"https://theblueprint.training/agency-offer-creation/","text/html; charset=UTF-8","200","OK","Indexable","","4c44329b5769b1b437c6f2b731a98190","52","https://theblueprint.training/agency-offer-creation/","https://theblueprint.training/agency-offer-creation/"
"https://theblueprint.training/client-questionnaire-template/","text/html; charset=UTF-8","200","OK","Indexable","","c69e99f54e53f5562c1f31a19111edc4","60","https://theblueprint.training/client-questionnaire-template/","https://theblueprint.training/client-questionnaire-template/"
"https://theblueprint.training/wp-content/uploads/2025/07/Frame-17-1.png","image/png","200","OK","Indexable","","","71","","https://theblueprint.training/wp-content/uploads/2025/07/Frame-17-1.png"
"https://theblueprint.training/seo-deliverables/","text/html; charset=UTF-8","200","OK","Indexable","","92f33b67ae49ea4d58f15a723346f2cf","47","https://theblueprint.training/seo-deliverables/","https://theblueprint.training/seo-deliverables/"
"https://theblueprint.training/4-rank-tracking-methods-for-ai-search/","text/html; charset=UTF-8","200","OK","Indexable","","a32f18581fc3e11124baf83b5af7135f","68","https://theblueprint.training/4-rank-tracking-methods-for-ai-search/","https://theblueprint.training/4-rank-tracking-methods-for-ai-search/"
"https://theblueprint.training/seo-proposal-template/","text/html; charset=UTF-8","200","OK","Indexable","","ba898ec2848984680999df4a9dc7edf6","52","https://theblueprint.training/seo-proposal-template/","https://theblueprint.training/seo-proposal-template/"
"https://theblueprint.training/wp-content/uploads/2024/06/Cover-3.png","image/png","200","OK","Indexable","","","68","","https://theblueprint.training/wp-content/uploads/2024/06/Cover-3.png"
"https://theblueprint.training/outsource-seo/","text/html; charset=UTF-8","200","OK","Indexable","","38f9576eb30a21538a32042544cce8e1","44","https://theblueprint.training/outsource-seo/","https://theblueprint.training/outsource-seo/"
"https://theblueprint.training/how-to-productize-services/","text/html; charset=UTF-8","200","OK","Indexable","","a5280109023ba36c2e74510775c5982d","57","https://theblueprint.training/how-to-productize-services/","https://theblueprint.training/how-to-productize-services/"
"https://theblueprint.training/scaling-saas-companies-dave-rogenmoser/","text/html; charset=UTF-8","200","OK","Indexable","","cae61ed933bfd7ee7a83fbc551431f01","69","https://theblueprint.training/scaling-saas-companies-dave-rogenmoser/","https://theblueprint.training/scaling-saas-companies-dave-rogenmoser/"
"https://theblueprint.training/agency-website-template/","text/html; charset=UTF-8","200","OK","Indexable","","a05587542505296cd6644bb7a88a24aa","54","https://theblueprint.training/agency-website-template/","https://theblueprint.training/agency-website-template/"
"https://theblueprint.training/jimmy-daly/","text/html; charset=UTF-8","200","OK","Indexable","","f2d5f68b282b2d7693754c5ebec49d00","41","https://theblueprint.training/jimmy-daly/","https://theblueprint.training/jimmy-daly/"
"https://theblueprint.training/garrett-mehrguth/","text/html; charset=UTF-8","200","OK","Indexable","","4b9b2826e5c124856def6ca148219ab1","47","https://theblueprint.training/garrett-mehrguth/","https://theblueprint.training/garrett-mehrguth/"
"https://theblueprint.training/public-relations-strategies-george-bradley/","text/html; charset=UTF-8","200","OK","Indexable","","f47744aa8964d156b2e0332c4e65691","73","https://theblueprint.training/public-relations-strategies-george-bradley/","https://theblueprint.training/public-relations-strategies-george-bradley/"
"https://theblueprint.training/extend-agency-contracts/","text/html; charset=UTF-8","200","OK","Indexable","","5a3abcfa2ded92a766e3dce616a7a803","54","https://theblueprint.training/extend-agency-contracts/","https://theblueprint.training/extend-agency-contracts/"
"https://theblueprint.training/ross-hudgens/","text/html; charset=UTF-8","200","OK","Indexable","","e507535c6f22a1ed89271078074b95d1","43","https://theblueprint.training/ross-hudgens/","https://theblueprint.training/ross-hudgens/"
"https://theblueprint.training/olga-andrienko/","text/html; charset=UTF-8","200","OK","Indexable","","3a068619a0f83d4f6dc6d16bddf12f02","45","https://theblueprint.training/olga-andrienko/","https://theblueprint.training/olga-andrienko/"
"https://theblueprint.training/wp-content/uploads/2024/08/maxresdefault.jpg","image/jpeg","200","OK","Indexable","","","74","","https://theblueprint.training/wp-content/uploads/2024/08/maxresdefault.jpg"
"https://theblueprint.training/why-productize-agency/","text/html; charset=UTF-8","200","OK","Indexable","","7b1e93d470dd2e317c7c1a1644cad647","52","https://theblueprint.training/why-productize-agency/","https://theblueprint.training/why-productize-agency/"
"https://theblueprint.training/why-seo/","text/html; charset=UTF-8","200","OK","Indexable","","d0078cee5ade8fd92c156d70f9547fde","38","https://theblueprint.training/why-seo/","https://theblueprint.training/why-seo/"
"https://theblueprint.training/bigger-agency-clients/","text/html; charset=UTF-8","200","OK","Indexable","","83522fe3dede23330460739efbbd6df0","52","https://theblueprint.training/bigger-agency-clients/","https://theblueprint.training/bigger-agency-clients/"
"https://theblueprint.training/wp-content/uploads/2024/07/Cover-1.png","image/png","200","OK","Indexable","","","68","","https://theblueprint.training/wp-content/uploads/2024/07/Cover-1.png"
"https://theblueprint.training/blended-search/","text/html; charset=UTF-8","200","OK","Indexable","","d8a8dc87ce5393cc2317254880d1c1d","45","https://theblueprint.training/blended-search/","https://theblueprint.training/blended-search/"
"https://theblueprint.training/agency-lead-generation/","text/html; charset=UTF-8","200","OK","Indexable","","6cbde31ded10ca2013452985482d9bae","53","https://theblueprint.training/agency-lead-generation/","https://theblueprint.training/agency-lead-generation/"
"https://theblueprint.training/content-brief-template/","text/html; charset=UTF-8","200","OK","Indexable","","bb178016750b34a240e9eaaaec5867d3","53","https://theblueprint.training/content-brief-template/","https://theblueprint.training/content-brief-template/"
"https://theblueprint.training/julia-mccoy/","text/html; charset=UTF-8","200","OK","Indexable","","c6ee9a083c2a0612c5d5bed1341165f8","42","https://theblueprint.training/julia-mccoy/","https://theblueprint.training/julia-mccoy/"
"https://theblueprint.training/link-building-case-study/","text/html; charset=UTF-8","200","OK","Indexable","","bac7a6a1361cd7c110f7284f4f4638e8","55","https://theblueprint.training/link-building-case-study/","https://theblueprint.training/link-building-case-study/"
"https://theblueprint.training/kyle-roof/","text/html; charset=UTF-8","200","OK","Indexable","","1d3a6a5e5db21d76aed6e7b23dffbb9e","40","https://theblueprint.training/kyle-roof/","https://theblueprint.training/kyle-roof/"
"https://theblueprint.training/wp-content/uploads/2024/08/Cover.png","image/png","200","OK","Indexable","","","66","","https://theblueprint.training/wp-content/uploads/2024/08/Cover.png"
"https://theblueprint.training/agency-profitability-management-marcel-petitpas/","text/html; charset=UTF-8","200","OK","Indexable","","10d713c82a0c72bb4aec6c90d3691c98","78","https://theblueprint.training/agency-profitability-management-marcel-petitpas/","https://theblueprint.training/agency-profitability-management-marcel-petitpas/"
"https://theblueprint.training/best-seo-tool-stack/","text/html; charset=UTF-8","200","OK","Indexable","","138a88a32e4857f91b2bf494e77c8f5c","50","https://theblueprint.training/best-seo-tool-stack/","https://theblueprint.training/best-seo-tool-stack/"
"https://theblueprint.training/seo-competitive-analysis/","text/html; charset=UTF-8","200","OK","Indexable","","e24bf78af7776947e38b90414874ef78","55","https://theblueprint.training/seo-competitive-analysis/","https://theblueprint.training/seo-competitive-analysis/"
"https://theblueprint.training/project-management-seo/","text/html; charset=UTF-8","200","OK","Indexable","","38dc814ab449406e949e0b398322ac46","53","https://theblueprint.training/project-management-seo/","https://theblueprint.training/project-management-seo/"
"https://theblueprint.training/wp-content/uploads/2025/02/177.-1-MAN-SEO-TEAM-copy.jpg","image/jpeg","200","OK","Indexable","","","85","","https://theblueprint.training/wp-content/uploads/2025/02/177.-1-MAN-SEO-TEAM-copy.jpg"
"https://theblueprint.training/link-building-pricing/","text/html; charset=UTF-8","200","OK","Indexable","","5ef40e36f77167cc4bd94ca0b938b868","52","https://theblueprint.training/link-building-pricing/","https://theblueprint.training/link-building-pricing/"
"https://theblueprint.training/webris/","text/html; charset=UTF-8","200","OK","Indexable","","cb811517990617c3409b7e5fa96880d8","37","https://theblueprint.training/webris/","https://theblueprint.training/webris/"
"https://theblueprint.training/seo-questions-1/","text/html; charset=UTF-8","200","OK","Indexable","","1b75c90e14e545094d70a010d8257064","46","https://theblueprint.training/seo-questions-1/","https://theblueprint.training/seo-questions-1/"
"https://theblueprint.training/adam-steele/","text/html; charset=UTF-8","200","OK","Indexable","","9fc3207bc8c522ea86fdd504c7746cc1","42","https://theblueprint.training/adam-steele/","https://theblueprint.training/adam-steele/"
"https://theblueprint.training/ahrefs-search-engine-yep/","text/html; charset=UTF-8","200","OK","Indexable","","137546813288d12c78b1fc7230e29c7a","55","https://theblueprint.training/ahrefs-search-engine-yep/","https://theblueprint.training/ahrefs-search-engine-yep/"
"https://theblueprint.training/ai-seo-process/","text/html; charset=UTF-8","200","OK","Indexable","","8c37b46dd73ebb7d1f56369bb00d3e86","45","https://theblueprint.training/ai-seo-process/","https://theblueprint.training/ai-seo-process/"
"https://theblueprint.training/wp-content/uploads/2024/12/143.-Link-building-for-dentists-copy.jpg","image/jpeg","200","OK","Indexable","","","97","","https://theblueprint.training/wp-content/uploads/2024/12/143.-Link-building-for-dentists-copy.jpg"
"https://theblueprint.training/generate-leads-meta-ads/","text/html; charset=UTF-8","200","OK","Indexable","","fefba82dba925c5d8cd680530de7b17","54","https://theblueprint.training/generate-leads-meta-ads/","https://theblueprint.training/generate-leads-meta-ads/"
"https://theblueprint.training/seo-agency-project-management/","text/html; charset=UTF-8","200","OK","Indexable","","82d905efcf811b8c80f299f02f41a160","60","https://theblueprint.training/seo-agency-project-management/","https://theblueprint.training/seo-agency-project-management/"
"https://theblueprint.training/wp-content/uploads/2024/09/91.3-.-surviving-2024-copy.jpg","image/jpeg","200","OK","Indexable","","","87","","https://theblueprint.training/wp-content/uploads/2024/09/91.3-.-surviving-2024-copy.jpg"
"https://theblueprint.training/wp-content/uploads/2024/08/98.-Guest-Interview-BPT-2-copy.jpg","image/jpeg","200","OK","Indexable","","","91","","https://theblueprint.training/wp-content/uploads/2024/08/98.-Guest-Interview-BPT-2-copy.jpg"
"https://theblueprint.training/marketing-your-agency/","text/html; charset=UTF-8","200","OK","Indexable","","e4bd79d7ae5dfa38339840ed31005754","52","https://theblueprint.training/marketing-your-agency/","https://theblueprint.training/marketing-your-agency/"
"https://theblueprint.training/rank-amazon-books-dave-chesson/","text/html; charset=UTF-8","200","OK","Indexable","","4d794f47012261e4cf917ab847af55c8","61","https://theblueprint.training/rank-amazon-books-dave-chesson/","https://theblueprint.training/rank-amazon-books-dave-chesson/"
"https://theblueprint.training/make-money-seo/","text/html; charset=UTF-8","200","OK","Indexable","","fc11dec2033f0007863c6bdc5eb8eb3c","45","https://theblueprint.training/make-money-seo/","https://theblueprint.training/make-money-seo/"
"https://theblueprint.training/david-martin/","text/html; charset=UTF-8","200","OK","Indexable","","45c1469b3afa61a779470a1afc929f78","43","https://theblueprint.training/david-martin/","https://theblueprint.training/david-martin/"
"https://theblueprint.training/web-design-agency-seo/","text/html; charset=UTF-8","200","OK","Indexable","","14980ca682a072472b4e137e42a6d0c","52","https://theblueprint.training/web-design-agency-seo/","https://theblueprint.training/web-design-agency-seo/"
"https://theblueprint.training/facebook-advertising-algorithm-changes/","text/html; charset=UTF-8","200","OK","Indexable","","350d6e82d908ac2600afc6e8941ab9cc","69","https://theblueprint.training/facebook-advertising-algorithm-changes/","https://theblueprint.training/facebook-advertising-algorithm-changes/"
